21.41,28.97,-5.26,1.02,-2.25,22.88,26.59,-20.13,13.02,2.41,-2.40,-3.62,-0.97,16.39,1.10,14.70,-6.54,28.24,20.35,-6.71,-5.21,-29.64,23.84,5.00,-7.84,-3.78,-8.13,-2.86,24.45
21.41,28.97,-5.26,1.02,-2.25,22.88,26.59,-20.13,13.02,2.41,-2.40,-3.62,-0.97,16.39,1.10,14.70,-6.54,28.24,20.35,-6.71,-5.21,-29.64,23.84,5.00,-7.84,-3.78,-8.13,-2.86,24.45
21.41,28.97,-5.26,1.02,-2.25,22.88,26.59,-20.13,13.02,2.41,-2.40,-3.62,-0.97,16.39,1.10,14.70,-6.54,28.24,20.35,-6.71,-5.21,-29.64,23.84,5.00,-7.84,-3.78,-8.13,-2.86,24.45
21.41,28.97,-5.26,1.02,-2.25,22.88,26.59,-20.13,13.02,2.41,-2.40,-3.62,-0.97,16.39,1.10,14.70,-6.54,28.24,20.35,-6.71,-5.21,-29.64,23.84,5.00,-7.84,-3.78,-8.13,-2.86,24.45
20.47,27.65,-3.32,2.18,0.39,22.49,26.28,-19.68,12.84,2.99,-0.19,-0.84,0.56,17.57,2.31,14.97,-7.74,27.25,20.16,-2.93,-2.37,-24.38,23.29,5.81,-8.58,-2.53,-5.72,-2.61,23.82
20.47,27.65,-3.32,2.18,0.39,22.49,26.28,-19.68,12.84,2.99,-0.19,-0.84,0.56,17.57,2.31,14.97,-7.74,27.25,20.16,-2.93,-2.37,-24.38,23.29,5.81,-8.58,-2.53,-5.72,-2.61,23.82
20.47,27.65,-3.32,2.18,0.39,22.49,26.28,-19.68,12.84,2.99,-0.19,-0.84,0.56,17.57,2.31,14.97,-7.74,27.25,20.16,-2.93,-2.37,-24.38,23.29,5.81,-8.58,-2.53,-5.72,-2.61,23.82
20.47,27.65,-3.32,2.18,0.39,22.49,26.28,-19.68,12.84,2.99,-0.19,-0.84,0.56,17.57,2.31,14.97,-7.74,27.25,20.16,-2.93,-2.37,-24.38,23.29,5.81,-8.58,-2.53,-5.72,-2.61,23.82
17.60,26.05,-0.12,4.11,5.21,22.39,26.14,-15.41,10.91,6.43,1.96,3.88,3.41,19.73,3.64,12.09,-8.36,26.45,20.69,0.13,2.91,-16.26,20.29,10.10,-8.49,0.23,0.66,0.21,21.32
17.60,26.05,-0.12,4.11,5.21,22.39,26.14,-15.41,10.91,6.43,1.96,3.88,3.41,19.73,3.64,12.09,-8.36,26.45,20.69,0.13,2.91,-16.26,20.29,10.10,-8.49,0.23,0.66,0.21,21.32
17.60,26.05,-0.12,4.11,5.21,22.39,26.14,-15.41,10.91,6.43,1.96,3.88,3.41,19.73,3.64,12.09,-8.36,26.45,20.69,0.13,2.91,-16.26,20.29,10.10,-8.49,0.23,0.66,0.21,21.32
17.60,26.05,-0.12,4.11,5.21,22.39,26.14,-15.41,10.91,6.43,1.96,3.88,3.41,19.73,3.64,12.09,-8.36,26.45,20.69,0.13,2.91,-16.26,20.29,10.10,-8.49,0.23,0.66,0.21,21.32
14.72,21.12,6.77,8.98,11.10,21.10,25.46,-6.72,8.65,10.30,8.39,12.03,8.04,23.25,8.45,12.08,0.35,23.55,19.79,8.43,10.42,-8.64,18.05,12.78,1.47,5.35,9.71,7.54,18.68
14.72,21.12,6.77,8.98,11.10,21.10,25.46,-6.72,8.65,10.30,8.39,12.03,8.04,23.25,8.45,12.08,0.35,23.55,19.79,8.43,10.42,-8.64,18.05,12.78,1.47,5.35,9.71,7.54,18.68
14.72,21.12,6.77,8.98,11.10,21.10,25.46,-6.72,8.65,10.30,8.39,12.03,8.04,23.25,8.45,12.08,0.35,23.55,19.79,8.43,10.42,-8.64,18.05,12.78,1.47,5.35,9.71,7.54,18.68
14.72,21.12,6.77,8.98,11.10,21.10,25.46,-6.72,8.65,10.30,8.39,12.03,8.04,23.25,8.45,12.08,0.35,23.55,19.79,8.43,10.42,-8.64,18.05,12.78,1.47,5.35,9.71,7.54,18.68
14.72,21.12,6.77,8.98,11.10,21.10,25.46,-6.72,8.65,10.30,8.39,12.03,8.04,23.25,8.45,12.08,0.35,23.55,19.79,8.43,10.42,-8.64,18.05,12.78,1.47,5.35,9.71,7.54,18.68
9.78,16.91,10.64,13.94,15.61,19.70,24.12,2.41,6.37,14.20,13.22,15.19,14.29,24.53,13.81,7.78,6.11,18.41,19.09,13.23,14.26,3.58,12.97,16.81,7.56,9.69,14.55,13.40,13.37
9.78,16.91,10.64,13.94,15.61,19.70,24.12,2.41,6.37,14.20,13.22,15.19,14.29,24.53,13.81,7.78,6.11,18.41,19.09,13.23,14.26,3.58,12.97,16.81,7.56,9.69,14.55,13.40,13.37
9.78,16.91,10.64,13.94,15.61,19.70,24.12,2.41,6.37,14.20,13.22,15.19,14.29,24.53,13.81,7.78,6.11,18.41,19.09,13.23,14.26,3.58,12.97,16.81,7.56,9.69,14.55,13.40,13.37
9.78,16.91,10.64,13.94,15.61,19.70,24.12,2.41,6.37,14.20,13.22,15.19,14.29,24.53,13.81,7.78,6.11,18.41,19.09,13.23,14.26,3.58,12.97,16.81,7.56,9.69,14.55,13.40,13.37
9.11,13.81,14.85,17.25,19.41,18.19,23.90,9.26,5.19,18.71,17.01,19.16,18.03,25.99,16.40,4.20,10.10,19.84,19.03,17.12,17.99,12.80,12.03,20.57,12.52,14.27,18.98,18.25,13.09
9.11,13.81,14.85,17.25,19.41,18.19,23.90,9.26,5.19,18.71,17.01,19.16,18.03,25.99,16.40,4.20,10.10,19.84,19.03,17.12,17.99,12.80,12.03,20.57,12.52,14.27,18.98,18.25,13.09
9.11,13.81,14.85,17.25,19.41,18.19,23.90,9.26,5.19,18.71,17.01,19.16,18.03,25.99,16.40,4.20,10.10,19.84,19.03,17.12,17.99,12.80,12.03,20.57,12.52,14.27,18.98,18.25,13.09
9.11,13.81,14.85,17.25,19.41,18.19,23.90,9.26,5.19,18.71,17.01,19.16,18.03,25.99,16.40,4.20,10.10,19.84,19.03,17.12,17.99,12.80,12.03,20.57,12.52,14.27,18.98,18.25,13.09
9.40,14.00,19.14,21.74,22.02,18.64,24.39,12.13,4.96,22.69,21.58,23.01,21.68,25.49,21.27,4.85,13.43,21.18,19.05,21.04,20.98,15.04,12.52,24.61,15.54,18.49,20.89,21.32,14.81
9.40,14.00,19.14,21.74,22.02,18.64,24.39,12.13,4.96,22.69,21.58,23.01,21.68,25.49,21.27,4.85,13.43,21.18,19.05,21.04,20.98,15.04,12.52,24.61,15.54,18.49,20.89,21.32,14.81
9.40,14.00,19.14,21.74,22.02,18.64,24.39,12.13,4.96,22.69,21.58,23.01,21.68,25.49,21.27,4.85,13.43,21.18,19.05,21.04,20.98,15.04,12.52,24.61,15.54,18.49,20.89,21.32,14.81
9.40,14.00,19.14,21.74,22.02,18.64,24.39,12.13,4.96,22.69,21.58,23.01,21.68,25.49,21.27,4.85,13.43,21.18,19.05,21.04,20.98,15.04,12.52,24.61,15.54,18.49,20.89,21.32,14.81
9.40,14.00,19.14,21.74,22.02,18.64,24.39,12.13,4.96,22.69,21.58,23.01,21.68,25.49,21.27,4.85,13.43,21.18,19.05,21.04,20.98,15.04,12.52,24.61,15.54,18.49,20.89,21.32,14.81
9.17,16.68,13.23,16.34,22.35,18.44,25.12,10.53,4.87,17.54,15.98,18.83,24.44,25.14,16.33,5.56,13.25,20.88,19.19,17.35,19.45,12.24,12.75,22.37,15.18,11.82,20.92,19.37,12.25
9.17,16.68,13.23,16.34,22.35,18.44,25.12,10.53,4.87,17.54,15.98,18.83,24.44,25.14,16.33,5.56,13.25,20.88,19.19,17.35,19.45,12.24,12.75,22.37,15.18,11.82,20.92,19.37,12.25
9.17,16.68,13.23,16.34,22.35,18.44,25.12,10.53,4.87,17.54,15.98,18.83,24.44,25.14,16.33,5.56,13.25,20.88,19.19,17.35,19.45,12.24,12.75,22.37,15.18,11.82,20.92,19.37,12.25
9.17,16.68,13.23,16.34,22.35,18.44,25.12,10.53,4.87,17.54,15.98,18.83,24.44,25.14,16.33,5.56,13.25,20.88,19.19,17.35,19.45,12.24,12.75,22.37,15.18,11.82,20.92,19.37,12.25
12.22,20.16,14.59,18.14,17.58,20.33,25.65,5.59,6.66,18.55,17.44,17.77,19.51,23.66,17.86,8.63,8.87,22.31,19.39,15.96,16.13,6.82,16.73,20.27,10.38,14.04,15.87,14.51,14.42
12.22,20.16,14.59,18.14,17.58,20.33,25.65,5.59,6.66,18.55,17.44,17.77,19.51,23.66,17.86,8.63,8.87,22.31,19.39,15.96,16.13,6.82,16.73,20.27,10.38,14.04,15.87,14.51,14.42
12.22,20.16,14.59,18.14,17.58,20.33,25.65,5.59,6.66,18.55,17.44,17.77,19.51,23.66,17.86,8.63,8.87,22.31,19.39,15.96,16.13,6.82,16.73,20.27,10.38,14.04,15.87,14.51,14.42
12.22,20.16,14.59,18.14,17.58,20.33,25.65,5.59,6.66,18.55,17.44,17.77,19.51,23.66,17.86,8.63,8.87,22.31,19.39,15.96,16.13,6.82,16.73,20.27,10.38,14.04,15.87,14.51,14.42
16.13,23.89,10.13,13.88,12.68,20.91,26.53,-3.00,8.72,14.87,12.54,12.70,14.51,21.80,13.67,9.53,2.29,25.71,19.61,10.97,11.04,-5.15,19.88,16.16,3.54,10.01,10.19,8.08,19.28
16.13,23.89,10.13,13.88,12.68,20.91,26.53,-3.00,8.72,14.87,12.54,12.70,14.51,21.80,13.67,9.53,2.29,25.71,19.61,10.97,11.04,-5.15,19.88,16.16,3.54,10.01,10.19,8.08,19.28
16.13,23.89,10.13,13.88,12.68,20.91,26.53,-3.00,8.72,14.87,12.54,12.70,14.51,21.80,13.67,9.53,2.29,25.71,19.61,10.97,11.04,-5.15,19.88,16.16,3.54,10.01,10.19,8.08,19.28
16.13,23.89,10.13,13.88,12.68,20.91,26.53,-3.00,8.72,14.87,12.54,12.70,14.51,21.80,13.67,9.53,2.29,25.71,19.61,10.97,11.04,-5.15,19.88,16.16,3.54,10.01,10.19,8.08,19.28
16.13,23.89,10.13,13.88,12.68,20.91,26.53,-3.00,8.72,14.87,12.54,12.70,14.51,21.80,13.67,9.53,2.29,25.71,19.61,10.97,11.04,-5.15,19.88,16.16,3.54,10.01,10.19,8.08,19.28
17.76,26.65,4.30,8.85,5.81,22.32,26.08,-14.24,9.83,9.40,7.38,7.09,8.77,18.53,9.14,11.26,-1.14,25.85,20.38,5.93,5.10,-16.37,21.26,11.58,-1.35,4.51,3.86,0.75,19.95
17.76,26.65,4.30,8.85,5.81,22.32,26.08,-14.24,9.83,9.40,7.38,7.09,8.77,18.53,9.14,11.26,-1.14,25.85,20.38,5.93,5.10,-16.37,21.26,11.58,-1.35,4.51,3.86,0.75,19.95
17.76,26.65,4.30,8.85,5.81,22.32,26.08,-14.24,9.83,9.40,7.38,7.09,8.77,18.53,9.14,11.26,-1.14,25.85,20.38,5.93,5.10,-16.37,21.26,11.58,-1.35,4.51,3.86,0.75,19.95
17.76,26.65,4.30,8.85,5.81,22.32,26.08,-14.24,9.83,9.40,7.38,7.09,8.77,18.53,9.14,11.26,-1.14,25.85,20.38,5.93,5.10,-16.37,21.26,11.58,-1.35,4.51,3.86,0.75,19.95
20.60,27.05,0.76,5.74,1.83,22.77,26.47,-16.34,11.76,4.89,4.59,2.33,2.89,15.10,6.71,11.55,-1.68,27.98,20.28,3.75,1.15,-20.80,22.89,6.51,-1.87,0.78,1.58,-2.30,24.05
20.60,27.05,0.76,5.74,1.83,22.77,26.47,-16.34,11.76,4.89,4.59,2.33,2.89,15.10,6.71,11.55,-1.68,27.98,20.28,3.75,1.15,-20.80,22.89,6.51,-1.87,0.78,1.58,-2.30,24.05
20.60,27.05,0.76,5.74,1.83,22.77,26.47,-16.34,11.76,4.89,4.59,2.33,2.89,15.10,6.71,11.55,-1.68,27.98,20.28,3.75,1.15,-20.80,22.89,6.51,-1.87,0.78,1.58,-2.30,24.05
20.60,27.05,0.76,5.74,1.83,22.77,26.47,-16.34,11.76,4.89,4.59,2.33,2.89,15.10,6.71,11.55,-1.68,27.98,20.28,3.75,1.15,-20.80,22.89,6.51,-1.87,0.78,1.58,-2.30,24.05
20.60,27.05,0.76,5.74,1.83,22.77,26.47,-16.34,11.76,4.89,4.59,2.33,2.89,15.10,6.71,11.55,-1.68,27.98,20.28,3.75,1.15,-20.80,22.89,6.51,-1.87,0.78,1.58,-2.30,24.05
20.90,27.80,1.45,6.65,2.52,22.24,26.53,-21.00,12.75,6.42,4.55,4.32,1.04,14.40,6.84,14.68,-7.12,27.74,20.92,3.30,2.41,-20.25,24.12,6.40,-7.42,1.30,1.85,-5.39,23.99
20.90,27.80,1.45,6.65,2.52,22.24,26.53,-21.00,12.75,6.42,4.55,4.32,1.04,14.40,6.84,14.68,-7.12,27.74,20.92,3.30,2.41,-20.25,24.12,6.40,-7.42,1.30,1.85,-5.39,23.99
20.90,27.80,1.45,6.65,2.52,22.24,26.53,-21.00,12.75,6.42,4.55,4.32,1.04,14.40,6.84,14.68,-7.12,27.74,20.92,3.30,2.41,-20.25,24.12,6.40,-7.42,1.30,1.85,-5.39,23.99
20.90,27.80,1.45,6.65,2.52,22.24,26.53,-21.00,12.75,6.42,4.55,4.32,1.04,14.40,6.84,14.68,-7.12,27.74,20.92,3.30,2.41,-20.25,24.12,6.40,-7.42,1.30,1.85,-5.39,23.99
20.02,28.68,1.86,6.28,3.41,22.56,26.26,-22.51,11.88,7.25,3.91,4.74,2.14,16.85,5.94,14.90,-9.97,27.61,20.56,0.28,2.06,-25.69,24.16,8.78,-10.37,1.93,-2.63,-4.53,24.48
20.02,28.68,1.86,6.28,3.41,22.56,26.26,-22.51,11.88,7.25,3.91,4.74,2.14,16.85,5.94,14.90,-9.97,27.61,20.56,0.28,2.06,-25.69,24.16,8.78,-10.37,1.93,-2.63,-4.53,24.48
20.02,28.68,1.86,6.28,3.41,22.56,26.26,-22.51,11.88,7.25,3.91,4.74,2.14,16.85,5.94,14.90,-9.97,27.61,20.56,0.28,2.06,-25.69,24.16,8.78,-10.37,1.93,-2.63,-4.53,24.48
20.02,28.68,1.86,6.28,3.41,22.56,26.26,-22.51,11.88,7.25,3.91,4.74,2.14,16.85,5.94,14.90,-9.97,27.61,20.56,0.28,2.06,-25.69,24.16,8.78,-10.37,1.93,-2.63,-4.53,24.48
17.74,25.92,3.57,7.70,7.06,21.87,26.26,-19.14,10.99,7.63,6.59,8.37,3.99,19.74,8.00,14.32,-1.45,26.45,20.00,6.65,6.75,-14.41,21.90,9.35,-0.82,2.61,5.54,1.18,22.05
17.74,25.92,3.57,7.70,7.06,21.87,26.26,-19.14,10.99,7.63,6.59,8.37,3.99,19.74,8.00,14.32,-1.45,26.45,20.00,6.65,6.75,-14.41,21.90,9.35,-0.82,2.61,5.54,1.18,22.05
17.74,25.92,3.57,7.70,7.06,21.87,26.26,-19.14,10.99,7.63,6.59,8.37,3.99,19.74,8.00,14.32,-1.45,26.45,20.00,6.65,6.75,-14.41,21.90,9.35,-0.82,2.61,5.54,1.18,22.05
17.74,25.92,3.57,7.70,7.06,21.87,26.26,-19.14,10.99,7.63,6.59,8.37,3.99,19.74,8.00,14.32,-1.45,26.45,20.00,6.65,6.75,-14.41,21.90,9.35,-0.82,2.61,5.54,1.18,22.05
14.84,22.72,9.62,12.35,10.84,21.29,25.96,-7.85,8.54,12.75,11.76,12.86,8.63,21.52,11.74,10.14,0.85,24.59,19.96,9.41,10.33,-2.63,19.31,12.13,2.53,9.10,9.10,6.68,19.60
14.84,22.72,9.62,12.35,10.84,21.29,25.96,-7.85,8.54,12.75,11.76,12.86,8.63,21.52,11.74,10.14,0.85,24.59,19.96,9.41,10.33,-2.63,19.31,12.13,2.53,9.10,9.10,6.68,19.60
14.84,22.72,9.62,12.35,10.84,21.29,25.96,-7.85,8.54,12.75,11.76,12.86,8.63,21.52,11.74,10.14,0.85,24.59,19.96,9.41,10.33,-2.63,19.31,12.13,2.53,9.10,9.10,6.68,19.60
14.84,22.72,9.62,12.35,10.84,21.29,25.96,-7.85,8.54,12.75,11.76,12.86,8.63,21.52,11.74,10.14,0.85,24.59,19.96,9.41,10.33,-2.63,19.31,12.13,2.53,9.10,9.10,6.68,19.60
14.84,22.72,9.62,12.35,10.84,21.29,25.96,-7.85,8.54,12.75,11.76,12.86,8.63,21.52,11.74,10.14,0.85,24.59,19.96,9.41,10.33,-2.63,19.31,12.13,2.53,9.10,9.10,6.68,19.60
8.41,19.54,12.46,14.47,17.19,17.48,24.50,-0.44,4.76,14.65,14.34,17.48,14.30,23.70,13.93,9.32,4.97,17.62,18.53,14.93,16.81,4.41,14.92,15.55,7.02,10.96,17.66,13.33,12.48
8.41,19.54,12.46,14.47,17.19,17.48,24.50,-0.44,4.76,14.65,14.34,17.48,14.30,23.70,13.93,9.32,4.97,17.62,18.53,14.93,16.81,4.41,14.92,15.55,7.02,10.96,17.66,13.33,12.48
8.41,19.54,12.46,14.47,17.19,17.48,24.50,-0.44,4.76,14.65,14.34,17.48,14.30,23.70,13.93,9.32,4.97,17.62,18.53,14.93,16.81,4.41,14.92,15.55,7.02,10.96,17.66,13.33,12.48
8.41,19.54,12.46,14.47,17.19,17.48,24.50,-0.44,4.76,14.65,14.34,17.48,14.30,23.70,13.93,9.32,4.97,17.62,18.53,14.93,16.81,4.41,14.92,15.55,7.02,10.96,17.66,13.33,12.48
7.14,13.40,15.99,17.41,21.83,18.03,24.34,8.14,3.79,17.57,17.56,21.34,18.96,25.46,16.98,4.95,10.84,19.02,18.01,18.18,20.69,11.51,11.99,19.05,12.88,13.72,20.88,18.09,10.84
7.14,13.40,15.99,17.41,21.83,18.03,24.34,8.14,3.79,17.57,17.56,21.34,18.96,25.46,16.98,4.95,10.84,19.02,18.01,18.18,20.69,11.51,11.99,19.05,12.88,13.72,20.88,18.09,10.84
7.14,13.40,15.99,17.41,21.83,18.03,24.34,8.14,3.79,17.57,17.56,21.34,18.96,25.46,16.98,4.95,10.84,19.02,18.01,18.18,20.69,11.51,11.99,19.05,12.88,13.72,20.88,18.09,10.84
7.14,13.40,15.99,17.41,21.83,18.03,24.34,8.14,3.79,17.57,17.56,21.34,18.96,25.46,16.98,4.95,10.84,19.02,18.01,18.18,20.69,11.51,11.99,19.05,12.88,13.72,20.88,18.09,10.84
5.71,14.28,16.82,17.26,24.00,17.00,23.89,12.87,3.15,18.21,17.52,22.66,20.85,24.83,16.89,4.87,12.73,16.38,17.84,18.49,22.22,15.67,11.42,22.33,14.20,14.34,22.16,20.91,8.81
5.71,14.28,16.82,17.26,24.00,17.00,23.89,12.87,3.15,18.21,17.52,22.66,20.85,24.83,16.89,4.87,12.73,16.38,17.84,18.49,22.22,15.67,11.42,22.33,14.20,14.34,22.16,20.91,8.81
5.71,14.28,16.82,17.26,24.00,17.00,23.89,12.87,3.15,18.21,17.52,22.66,20.85,24.83,16.89,4.87,12.73,16.38,17.84,18.49,22.22,15.67,11.42,22.33,14.20,14.34,22.16,20.91,8.81
5.71,14.28,16.82,17.26,24.00,17.00,23.89,12.87,3.15,18.21,17.52,22.66,20.85,24.83,16.89,4.87,12.73,16.38,17.84,18.49,22.22,15.67,11.42,22.33,14.20,14.34,22.16,20.91,8.81
5.71,14.28,16.82,17.26,24.00,17.00,23.89,12.87,3.15,18.21,17.52,22.66,20.85,24.83,16.89,4.87,12.73,16.38,17.84,18.49,22.22,15.67,11.42,22.33,14.20,14.34,22.16,20.91,8.81
6.74,16.68,15.87,17.30,23.19,18.00,24.39,9.85,3.25,18.15,17.38,21.81,24.38,25.42,17.13,6.07,11.32,18.43,18.28,18.70,21.28,13.55,13.51,21.98,13.26,13.85,22.33,20.51,10.80
6.74,16.68,15.87,17.30,23.19,18.00,24.39,9.85,3.25,18.15,17.38,21.81,24.38,25.42,17.13,6.07,11.32,18.43,18.28,18.70,21.28,13.55,13.51,21.98,13.26,13.85,22.33,20.51,10.80
6.74,16.68,15.87,17.30,23.19,18.00,24.39,9.85,3.25,18.15,17.38,21.81,24.38,25.42,17.13,6.07,11.32,18.43,18.28,18.70,21.28,13.55,13.51,21.98,13.26,13.85,22.33,20.51,10.80
6.74,16.68,15.87,17.30,23.19,18.00,24.39,9.85,3.25,18.15,17.38,21.81,24.38,25.42,17.13,6.07,11.32,18.43,18.28,18.70,21.28,13.55,13.51,21.98,13.26,13.85,22.33,20.51,10.80
12.66,20.11,10.31,13.99,16.75,21.42,26.36,3.67,6.47,15.24,13.09,14.50,21.17,24.12,13.80,7.93,6.22,25.03,18.88,12.95,14.44,6.88,17.82,19.20,7.62,10.01,14.98,15.88,16.78
12.66,20.11,10.31,13.99,16.75,21.42,26.36,3.67,6.47,15.24,13.09,14.50,21.17,24.12,13.80,7.93,6.22,25.03,18.88,12.95,14.44,6.88,17.82,19.20,7.62,10.01,14.98,15.88,16.78
12.66,20.11,10.31,13.99,16.75,21.42,26.36,3.67,6.47,15.24,13.09,14.50,21.17,24.12,13.80,7.93,6.22,25.03,18.88,12.95,14.44,6.88,17.82,19.20,7.62,10.01,14.98,15.88,16.78
12.66,20.11,10.31,13.99,16.75,21.42,26.36,3.67,6.47,15.24,13.09,14.50,21.17,24.12,13.80,7.93,6.22,25.03,18.88,12.95,14.44,6.88,17.82,19.20,7.62,10.01,14.98,15.88,16.78
12.66,20.11,10.31,13.99,16.75,21.42,26.36,3.67,6.47,15.24,13.09,14.50,21.17,24.12,13.80,7.93,6.22,25.03,18.88,12.95,14.44,6.88,17.82,19.20,7.62,10.01,14.98,15.88,16.78
15.79,23.74,6.75,10.33,12.27,22.12,26.74,-2.83,8.13,11.59,8.79,10.38,14.32,22.02,10.03,9.24,3.10,26.01,19.16,8.29,10.12,-2.44,18.72,14.31,3.88,6.84,9.92,9.18,18.58
15.79,23.74,6.75,10.33,12.27,22.12,26.74,-2.83,8.13,11.59,8.79,10.38,14.32,22.02,10.03,9.24,3.10,26.01,19.16,8.29,10.12,-2.44,18.72,14.31,3.88,6.84,9.92,9.18,18.58
15.79,23.74,6.75,10.33,12.27,22.12,26.74,-2.83,8.13,11.59,8.79,10.38,14.32,22.02,10.03,9.24,3.10,26.01,19.16,8.29,10.12,-2.44,18.72,14.31,3.88,6.84,9.92,9.18,18.58
15.79,23.74,6.75,10.33,12.27,22.12,26.74,-2.83,8.13,11.59,8.79,10.38,14.32,22.02,10.03,9.24,3.10,26.01,19.16,8.29,10.12,-2.44,18.72,14.31,3.88,6.84,9.92,9.18,18.58
17.14,25.74,0.62,6.31,5.04,22.69,26.37,-13.79,9.50,6.35,3.91,3.76,7.60,18.47,6.62,10.97,-3.05,25.79,19.67,2.09,2.82,-14.98,20.34,8.79,-3.20,0.93,1.31,2.30,19.14
17.14,25.74,0.62,6.31,5.04,22.69,26.37,-13.79,9.50,6.35,3.91,3.76,7.60,18.47,6.62,10.97,-3.05,25.79,19.67,2.09,2.82,-14.98,20.34,8.79,-3.20,0.93,1.31,2.30,19.14
17.14,25.74,0.62,6.31,5.04,22.69,26.37,-13.79,9.50,6.35,3.91,3.76,7.60,18.47,6.62,10.97,-3.05,25.79,19.67,2.09,2.82,-14.98,20.34,8.79,-3.20,0.93,1.31,2.30,19.14
17.14,25.74,0.62,6.31,5.04,22.69,26.37,-13.79,9.50,6.35,3.91,3.76,7.60,18.47,6.62,10.97,-3.05,25.79,19.67,2.09,2.82,-14.98,20.34,8.79,-3.20,0.93,1.31,2.30,19.14
20.19,26.94,-2.13,3.52,0.02,21.73,26.15,-21.07,11.69,3.90,1.60,-0.73,2.95,16.25,4.10,14.07,-3.37,27.06,19.49,0.28,-1.65,-21.06,22.15,6.20,-3.67,-1.41,-1.42,-3.60,21.05
20.19,26.94,-2.13,3.52,0.02,21.73,26.15,-21.07,11.69,3.90,1.60,-0.73,2.95,16.25,4.10,14.07,-3.37,27.06,19.49,0.28,-1.65,-21.06,22.15,6.20,-3.67,-1.41,-1.42,-3.60,21.05
20.19,26.94,-2.13,3.52,0.02,21.73,26.15,-21.07,11.69,3.90,1.60,-0.73,2.95,16.25,4.10,14.07,-3.37,27.06,19.49,0.28,-1.65,-21.06,22.15,6.20,-3.67,-1.41,-1.42,-3.60,21.05
20.19,26.94,-2.13,3.52,0.02,21.73,26.15,-21.07,11.69,3.90,1.60,-0.73,2.95,16.25,4.10,14.07,-3.37,27.06,19.49,0.28,-1.65,-21.06,22.15,6.20,-3.67,-1.41,-1.42,-3.60,21.05
20.19,26.94,-2.13,3.52,0.02,21.73,26.15,-21.07,11.69,3.90,1.60,-0.73,2.95,16.25,4.10,14.07,-3.37,27.06,19.49,0.28,-1.65,-21.06,22.15,6.20,-3.67,-1.41,-1.42,-3.60,21.05
21.29,28.96,-0.01,5.73,-0.71,21.70,25.64,-23.28,13.28,5.91,3.52,1.14,-0.49,15.15,6.03,15.80,-5.06,27.45,19.99,1.09,-1.51,-25.20,23.53,7.45,-5.03,0.42,-3.82,-6.05,24.54
21.29,28.96,-0.01,5.73,-0.71,21.70,25.64,-23.28,13.28,5.91,3.52,1.14,-0.49,15.15,6.03,15.80,-5.06,27.45,19.99,1.09,-1.51,-25.20,23.53,7.45,-5.03,0.42,-3.82,-6.05,24.54
21.29,28.96,-0.01,5.73,-0.71,21.70,25.64,-23.28,13.28,5.91,3.52,1.14,-0.49,15.15,6.03,15.80,-5.06,27.45,19.99,1.09,-1.51,-25.20,23.53,7.45,-5.03,0.42,-3.82,-6.05,24.54
21.29,28.96,-0.01,5.73,-0.71,21.70,25.64,-23.28,13.28,5.91,3.52,1.14,-0.49,15.15,6.03,15.80,-5.06,27.45,19.99,1.09,-1.51,-25.20,23.53,7.45,-5.03,0.42,-3.82,-6.05,24.54
20.79,26.62,1.18,5.36,2.22,21.79,25.73,-23.98,13.37,6.38,4.00,3.94,-0.81,17.84,5.34,15.51,-4.50,26.27,20.12,3.14,1.49,-21.22,23.73,8.77,-3.78,1.01,-0.09,-4.09,24.19
20.79,26.62,1.18,5.36,2.22,21.79,25.73,-23.98,13.37,6.38,4.00,3.94,-0.81,17.84,5.34,15.51,-4.50,26.27,20.12,3.14,1.49,-21.22,23.73,8.77,-3.78,1.01,-0.09,-4.09,24.19
20.79,26.62,1.18,5.36,2.22,21.79,25.73,-23.98,13.37,6.38,4.00,3.94,-0.81,17.84,5.34,15.51,-4.50,26.27,20.12,3.14,1.49,-21.22,23.73,8.77,-3.78,1.01,-0.09,-4.09,24.19
20.79,26.62,1.18,5.36,2.22,21.79,25.73,-23.98,13.37,6.38,4.00,3.94,-0.81,17.84,5.34,15.51,-4.50,26.27,20.12,3.14,1.49,-21.22,23.73,8.77,-3.78,1.01,-0.09,-4.09,24.19
18.22,25.78,1.89,5.99,7.92,21.27,25.65,-19.74,11.52,6.87,4.53,6.51,4.88,18.95,5.90,13.91,-5.18,25.79,20.14,4.12,6.00,-12.36,21.53,9.55,-4.30,1.38,4.97,0.38,22.00
18.22,25.78,1.89,5.99,7.92,21.27,25.65,-19.74,11.52,6.87,4.53,6.51,4.88,18.95,5.90,13.91,-5.18,25.79,20.14,4.12,6.00,-12.36,21.53,9.55,-4.30,1.38,4.97,0.38,22.00
18.22,25.78,1.89,5.99,7.92,21.27,25.65,-19.74,11.52,6.87,4.53,6.51,4.88,18.95,5.90,13.91,-5.18,25.79,20.14,4.12,6.00,-12.36,21.53,9.55,-4.30,1.38,4.97,0.38,22.00
18.22,25.78,1.89,5.99,7.92,21.27,25.65,-19.74,11.52,6.87,4.53,6.51,4.88,18.95,5.90,13.91,-5.18,25.79,20.14,4.12,6.00,-12.36,21.53,9.55,-4.30,1.38,4.97,0.38,22.00
18.22,25.78,1.89,5.99,7.92,21.27,25.65,-19.74,11.52,6.87,4.53,6.51,4.88,18.95,5.90,13.91,-5.18,25.79,20.14,4.12,6.00,-12.36,21.53,9.55,-4.30,1.38,4.97,0.38,22.00
13.92,21.36,6.05,8.73,11.91,19.93,25.33,-9.08,8.13,9.43,8.04,11.49,9.91,22.38,8.48,11.10,0.25,22.52,19.57,8.59,10.58,-6.27,17.80,12.23,1.89,4.49,10.74,5.96,18.11
13.92,21.36,6.05,8.73,11.91,19.93,25.33,-9.08,8.13,9.43,8.04,11.49,9.91,22.38,8.48,11.10,0.25,22.52,19.57,8.59,10.58,-6.27,17.80,12.23,1.89,4.49,10.74,5.96,18.11
13.92,21.36,6.05,8.73,11.91,19.93,25.33,-9.08,8.13,9.43,8.04,11.49,9.91,22.38,8.48,11.10,0.25,22.52,19.57,8.59,10.58,-6.27,17.80,12.23,1.89,4.49,10.74,5.96,18.11
13.92,21.36,6.05,8.73,11.91,19.93,25.33,-9.08,8.13,9.43,8.04,11.49,9.91,22.38,8.48,11.10,0.25,22.52,19.57,8.59,10.58,-6.27,17.80,12.23,1.89,4.49,10.74,5.96,18.11
10.26,18.18,12.21,15.67,15.89,17.43,24.11,1.29,5.57,14.88,14.74,16.59,14.18,24.10,15.35,6.66,5.41,19.37,18.48,13.58,14.97,4.02,16.02,14.58,7.26,11.12,14.31,12.22,15.34
10.26,18.18,12.21,15.67,15.89,17.43,24.11,1.29,5.57,14.88,14.74,16.59,14.18,24.10,15.35,6.66,5.41,19.37,18.48,13.58,14.97,4.02,16.02,14.58,7.26,11.12,14.31,12.22,15.34
10.26,18.18,12.21,15.67,15.89,17.43,24.11,1.29,5.57,14.88,14.74,16.59,14.18,24.10,15.35,6.66,5.41,19.37,18.48,13.58,14.97,4.02,16.02,14.58,7.26,11.12,14.31,12.22,15.34
10.26,18.18,12.21,15.67,15.89,17.43,24.11,1.29,5.57,14.88,14.74,16.59,14.18,24.10,15.35,6.66,5.41,19.37,18.48,13.58,14.97,4.02,16.02,14.58,7.26,11.12,14.31,12.22,15.34
7.11,15.78,15.70,16.59,20.73,16.09,23.39,8.20,4.25,17.28,17.17,20.56,17.60,26.17,16.18,5.99,9.97,16.67,18.18,17.51,19.50,11.89,12.47,19.60,12.05,13.70,19.16,17.67,10.79
7.11,15.78,15.70,16.59,20.73,16.09,23.39,8.20,4.25,17.28,17.17,20.56,17.60,26.17,16.18,5.99,9.97,16.67,18.18,17.51,19.50,11.89,12.47,19.60,12.05,13.70,19.16,17.67,10.79
7.11,15.78,15.70,16.59,20.73,16.09,23.39,8.20,4.25,17.28,17.17,20.56,17.60,26.17,16.18,5.99,9.97,16.67,18.18,17.51,19.50,11.89,12.47,19.60,12.05,13.70,19.16,17.67,10.79
7.11,15.78,15.70,16.59,20.73,16.09,23.39,8.20,4.25,17.28,17.17,20.56,17.60,26.17,16.18,5.99,9.97,16.67,18.18,17.51,19.50,11.89,12.47,19.60,12.05,13.70,19.16,17.67,10.79
7.11,15.78,15.70,16.59,20.73,16.09,23.39,8.20,4.25,17.28,17.17,20.56,17.60,26.17,16.18,5.99,9.97,16.67,18.18,17.51,19.50,11.89,12.47,19.60,12.05,13.70,19.16,17.67,10.79
9.47,14.26,16.17,18.30,22.32,18.77,24.28,11.93,4.81,19.19,18.31,20.90,23.01,24.74,17.94,5.11,13.12,21.64,18.68,18.65,20.19,15.11,12.12,22.54,14.66,14.73,20.90,20.17,14.54
9.47,14.26,16.17,18.30,22.32,18.77,24.28,11.93,4.81,19.19,18.31,20.90,23.01,24.74,17.94,5.11,13.12,21.64,18.68,18.65,20.19,15.11,12.12,22.54,14.66,14.73,20.90,20.17,14.54
9.47,14.26,16.17,18.30,22.32,18.77,24.28,11.93,4.81,19.19,18.31,20.90,23.01,24.74,17.94,5.11,13.12,21.64,18.68,18.65,20.19,15.11,12.12,22.54,14.66,14.73,20.90,20.17,14.54
9.47,14.26,16.17,18.30,22.32,18.77,24.28,11.93,4.81,19.19,18.31,20.90,23.01,24.74,17.94,5.11,13.12,21.64,18.68,18.65,20.19,15.11,12.12,22.54,14.66,14.73,20.90,20.17,14.54
9.09,14.80,16.36,17.96,23.24,19.30,25.32,10.27,4.31,19.05,17.84,21.41,23.00,24.80,17.50,5.37,10.70,20.88,19.52,18.40,21.22,12.92,14.35,22.79,11.95,14.57,21.71,19.06,12.87
9.09,14.80,16.36,17.96,23.24,19.30,25.32,10.27,4.31,19.05,17.84,21.41,23.00,24.80,17.50,5.37,10.70,20.88,19.52,18.40,21.22,12.92,14.35,22.79,11.95,14.57,21.71,19.06,12.87
9.09,14.80,16.36,17.96,23.24,19.30,25.32,10.27,4.31,19.05,17.84,21.41,23.00,24.80,17.50,5.37,10.70,20.88,19.52,18.40,21.22,12.92,14.35,22.79,11.95,14.57,21.71,19.06,12.87
9.09,14.80,16.36,17.96,23.24,19.30,25.32,10.27,4.31,19.05,17.84,21.41,23.00,24.80,17.50,5.37,10.70,20.88,19.52,18.40,21.22,12.92,14.35,22.79,11.95,14.57,21.71,19.06,12.87
9.09,14.80,16.36,17.96,23.24,19.30,25.32,10.27,4.31,19.05,17.84,21.41,23.00,24.80,17.50,5.37,10.70,20.88,19.52,18.40,21.22,12.92,14.35,22.79,11.95,14.57,21.71,19.06,12.87
11.73,20.21,10.95,13.76,16.85,20.05,25.61,4.01,6.60,14.99,13.06,15.45,20.10,23.05,13.61,8.20,7.00,21.20,19.50,12.93,14.61,5.81,15.35,18.61,7.63,9.81,14.39,15.00,14.38
11.73,20.21,10.95,13.76,16.85,20.05,25.61,4.01,6.60,14.99,13.06,15.45,20.10,23.05,13.61,8.20,7.00,21.20,19.50,12.93,14.61,5.81,15.35,18.61,7.63,9.81,14.39,15.00,14.38
11.73,20.21,10.95,13.76,16.85,20.05,25.61,4.01,6.60,14.99,13.06,15.45,20.10,23.05,13.61,8.20,7.00,21.20,19.50,12.93,14.61,5.81,15.35,18.61,7.63,9.81,14.39,15.00,14.38
11.73,20.21,10.95,13.76,16.85,20.05,25.61,4.01,6.60,14.99,13.06,15.45,20.10,23.05,13.61,8.20,7.00,21.20,19.50,12.93,14.61,5.81,15.35,18.61,7.63,9.81,14.39,15.00,14.38
15.44,24.00,8.35,10.30,12.85,22.78,26.93,-2.67,8.52,11.48,9.53,12.23,14.58,21.23,10.14,9.33,2.27,25.40,19.84,9.79,11.28,-1.97,19.54,13.80,3.61,7.35,10.70,7.25,17.57
15.44,24.00,8.35,10.30,12.85,22.78,26.93,-2.67,8.52,11.48,9.53,12.23,14.58,21.23,10.14,9.33,2.27,25.40,19.84,9.79,11.28,-1.97,19.54,13.80,3.61,7.35,10.70,7.25,17.57
15.44,24.00,8.35,10.30,12.85,22.78,26.93,-2.67,8.52,11.48,9.53,12.23,14.58,21.23,10.14,9.33,2.27,25.40,19.84,9.79,11.28,-1.97,19.54,13.80,3.61,7.35,10.70,7.25,17.57
15.44,24.00,8.35,10.30,12.85,22.78,26.93,-2.67,8.52,11.48,9.53,12.23,14.58,21.23,10.14,9.33,2.27,25.40,19.84,9.79,11.28,-1.97,19.54,13.80,3.61,7.35,10.70,7.25,17.57
19.60,24.99,3.09,6.69,7.22,23.38,26.42,-11.73,10.93,7.24,5.31,6.82,7.59,17.74,6.82,11.50,-2.89,26.55,20.21,4.98,5.31,-14.49,21.60,8.02,-2.73,2.18,4.15,1.00,22.56
19.60,24.99,3.09,6.69,7.22,23.38,26.42,-11.73,10.93,7.24,5.31,6.82,7.59,17.74,6.82,11.50,-2.89,26.55,20.21,4.98,5.31,-14.49,21.60,8.02,-2.73,2.18,4.15,1.00,22.56
19.60,24.99,3.09,6.69,7.22,23.38,26.42,-11.73,10.93,7.24,5.31,6.82,7.59,17.74,6.82,11.50,-2.89,26.55,20.21,4.98,5.31,-14.49,21.60,8.02,-2.73,2.18,4.15,1.00,22.56
19.60,24.99,3.09,6.69,7.22,23.38,26.42,-11.73,10.93,7.24,5.31,6.82,7.59,17.74,6.82,11.50,-2.89,26.55,20.21,4.98,5.31,-14.49,21.60,8.02,-2.73,2.18,4.15,1.00,22.56
19.60,24.99,3.09,6.69,7.22,23.38,26.42,-11.73,10.93,7.24,5.31,6.82,7.59,17.74,6.82,11.50,-2.89,26.55,20.21,4.98,5.31,-14.49,21.60,8.02,-2.73,2.18,4.15,1.00,22.56
20.88,27.03,-1.04,2.42,3.07,22.71,26.08,-23.03,12.92,3.36,1.14,2.62,3.42,16.15,2.87,13.76,-4.59,27.91,20.12,1.25,1.60,-22.27,23.51,5.62,-5.00,-1.59,-0.57,-4.69,23.42
20.88,27.03,-1.04,2.42,3.07,22.71,26.08,-23.03,12.92,3.36,1.14,2.62,3.42,16.15,2.87,13.76,-4.59,27.91,20.12,1.25,1.60,-22.27,23.51,5.62,-5.00,-1.59,-0.57,-4.69,23.42
20.88,27.03,-1.04,2.42,3.07,22.71,26.08,-23.03,12.92,3.36,1.14,2.62,3.42,16.15,2.87,13.76,-4.59,27.91,20.12,1.25,1.60,-22.27,23.51,5.62,-5.00,-1.59,-0.57,-4.69,23.42
20.88,27.03,-1.04,2.42,3.07,22.71,26.08,-23.03,12.92,3.36,1.14,2.62,3.42,16.15,2.87,13.76,-4.59,27.91,20.12,1.25,1.60,-22.27,23.51,5.62,-5.00,-1.59,-0.57,-4.69,23.42
21.30,28.25,-3.84,0.14,0.19,21.87,25.90,-23.23,13.04,1.74,-1.79,-1.82,0.61,16.42,0.68,15.52,-6.67,26.69,20.04,-2.92,-2.07,-24.45,23.70,5.39,-7.36,-3.72,-3.47,-5.98,24.59
21.30,28.25,-3.84,0.14,0.19,21.87,25.90,-23.23,13.04,1.74,-1.79,-1.82,0.61,16.42,0.68,15.52,-6.67,26.69,20.04,-2.92,-2.07,-24.45,23.70,5.39,-7.36,-3.72,-3.47,-5.98,24.59
21.30,28.25,-3.84,0.14,0.19,21.87,25.90,-23.23,13.04,1.74,-1.79,-1.82,0.61,16.42,0.68,15.52,-6.67,26.69,20.04,-2.92,-2.07,-24.45,23.70,5.39,-7.36,-3.72,-3.47,-5.98,24.59
21.30,28.25,-3.84,0.14,0.19,21.87,25.90,-23.23,13.04,1.74,-1.79,-1.82,0.61,16.42,0.68,15.52,-6.67,26.69,20.04,-2.92,-2.07,-24.45,23.70,5.39,-7.36,-3.72,-3.47,-5.98,24.59
20.74,27.59,-2.33,2.90,1.81,22.66,25.85,-22.48,12.60,3.85,0.69,1.20,1.59,17.82,3.04,15.05,-9.60,27.13,20.24,-0.73,0.07,-26.62,23.16,6.79,-9.70,-2.16,-0.99,-2.92,24.03
20.74,27.59,-2.33,2.90,1.81,22.66,25.85,-22.48,12.60,3.85,0.69,1.20,1.59,17.82,3.04,15.05,-9.60,27.13,20.24,-0.73,0.07,-26.62,23.16,6.79,-9.70,-2.16,-0.99,-2.92,24.03
20.74,27.59,-2.33,2.90,1.81,22.66,25.85,-22.48,12.60,3.85,0.69,1.20,1.59,17.82,3.04,15.05,-9.60,27.13,20.24,-0.73,0.07,-26.62,23.16,6.79,-9.70,-2.16,-0.99,-2.92,24.03
20.74,27.59,-2.33,2.90,1.81,22.66,25.85,-22.48,12.60,3.85,0.69,1.20,1.59,17.82,3.04,15.05,-9.60,27.13,20.24,-0.73,0.07,-26.62,23.16,6.79,-9.70,-2.16,-0.99,-2.92,24.03
19.40,25.79,1.65,6.14,5.54,22.48,26.11,-20.12,11.82,7.09,4.66,5.77,4.20,19.55,6.18,12.95,-3.99,27.26,20.11,3.34,3.99,-15.99,21.58,10.13,-3.69,1.32,2.43,0.13,22.77
19.40,25.79,1.65,6.14,5.54,22.48,26.11,-20.12,11.82,7.09,4.66,5.77,4.20,19.55,6.18,12.95,-3.99,27.26,20.11,3.34,3.99,-15.99,21.58,10.13,-3.69,1.32,2.43,0.13,22.77
19.40,25.79,1.65,6.14,5.54,22.48,26.11,-20.12,11.82,7.09,4.66,5.77,4.20,19.55,6.18,12.95,-3.99,27.26,20.11,3.34,3.99,-15.99,21.58,10.13,-3.69,1.32,2.43,0.13,22.77
19.40,25.79,1.65,6.14,5.54,22.48,26.11,-20.12,11.82,7.09,4.66,5.77,4.20,19.55,6.18,12.95,-3.99,27.26,20.11,3.34,3.99,-15.99,21.58,10.13,-3.69,1.32,2.43,0.13,22.77
19.40,25.79,1.65,6.14,5.54,22.48,26.11,-20.12,11.82,7.09,4.66,5.77,4.20,19.55,6.18,12.95,-3.99,27.26,20.11,3.34,3.99,-15.99,21.58,10.13,-3.69,1.32,2.43,0.13,22.77
16.13,22.34,9.50,11.97,11.24,21.14,25.57,-8.75,9.82,10.98,11.95,14.33,9.78,22.02,11.79,10.89,1.23,24.87,20.39,10.93,11.91,-4.69,19.44,10.99,2.59,7.71,10.41,6.12,19.01
16.13,22.34,9.50,11.97,11.24,21.14,25.57,-8.75,9.82,10.98,11.95,14.33,9.78,22.02,11.79,10.89,1.23,24.87,20.39,10.93,11.91,-4.69,19.44,10.99,2.59,7.71,10.41,6.12,19.01
16.13,22.34,9.50,11.97,11.24,21.14,25.57,-8.75,9.82,10.98,11.95,14.33,9.78,22.02,11.79,10.89,1.23,24.87,20.39,10.93,11.91,-4.69,19.44,10.99,2.59,7.71,10.41,6.12,19.01
16.13,22.34,9.50,11.97,11.24,21.14,25.57,-8.75,9.82,10.98,11.95,14.33,9.78,22.02,11.79,10.89,1.23,24.87,20.39,10.93,11.91,-4.69,19.44,10.99,2.59,7.71,10.41,6.12,19.01
11.61,17.75,12.62,14.19,16.67,19.17,24.71,-1.24,6.65,15.09,13.91,16.97,15.07,24.61,13.69,6.29,6.43,21.40,19.49,13.41,15.66,3.58,15.10,16.50,8.17,11.79,15.03,13.13,16.00
11.61,17.75,12.62,14.19,16.67,19.17,24.71,-1.24,6.65,15.09,13.91,16.97,15.07,24.61,13.69,6.29,6.43,21.40,19.49,13.41,15.66,3.58,15.10,16.50,8.17,11.79,15.03,13.13,16.00
11.61,17.75,12.62,14.19,16.67,19.17,24.71,-1.24,6.65,15.09,13.91,16.97,15.07,24.61,13.69,6.29,6.43,21.40,19.49,13.41,15.66,3.58,15.10,16.50,8.17,11.79,15.03,13.13,16.00
11.61,17.75,12.62,14.19,16.67,19.17,24.71,-1.24,6.65,15.09,13.91,16.97,15.07,24.61,13.69,6.29,6.43,21.40,19.49,13.41,15.66,3.58,15.10,16.50,8.17,11.79,15.03,13.13,16.00
11.61,17.75,12.62,14.19,16.67,19.17,24.71,-1.24,6.65,15.09,13.91,16.97,15.07,24.61,13.69,6.29,6.43,21.40,19.49,13.41,15.66,3.58,15.10,16.50,8.17,11.79,15.03,13.13,16.00
7.74,15.48,13.59,16.03,20.24,16.74,23.43,7.60,4.80,17.62,15.10,18.72,18.48,26.04,15.29,4.57,9.49,16.91,18.65,15.31,18.91,11.80,12.57,20.83,11.19,13.01,20.19,17.45,10.73
7.74,15.48,13.59,16.03,20.24,16.74,23.43,7.60,4.80,17.62,15.10,18.72,18.48,26.04,15.29,4.57,9.49,16.91,18.65,15.31,18.91,11.80,12.57,20.83,11.19,13.01,20.19,17.45,10.73
7.74,15.48,13.59,16.03,20.24,16.74,23.43,7.60,4.80,17.62,15.10,18.72,18.48,26.04,15.29,4.57,9.49,16.91,18.65,15.31,18.91,11.80,12.57,20.83,11.19,13.01,20.19,17.45,10.73
7.74,15.48,13.59,16.03,20.24,16.74,23.43,7.60,4.80,17.62,15.10,18.72,18.48,26.04,15.29,4.57,9.49,16.91,18.65,15.31,18.91,11.80,12.57,20.83,11.19,13.01,20.19,17.45,10.73
6.76,14.72,16.82,18.49,23.12,17.55,24.09,11.37,3.88,19.51,18.42,22.12,21.46,26.49,18.06,4.24,12.68,16.83,18.91,19.15,21.58,14.87,11.40,23.18,14.34,15.24,22.10,20.05,9.83
6.76,14.72,16.82,18.49,23.12,17.55,24.09,11.37,3.88,19.51,18.42,22.12,21.46,26.49,18.06,4.24,12.68,16.83,18.91,19.15,21.58,14.87,11.40,23.18,14.34,15.24,22.10,20.05,9.83
6.76,14.72,16.82,18.49,23.12,17.55,24.09,11.37,3.88,19.51,18.42,22.12,21.46,26.49,18.06,4.24,12.68,16.83,18.91,19.15,21.58,14.87,11.40,23.18,14.34,15.24,22.10,20.05,9.83
6.76,14.72,16.82,18.49,23.12,17.55,24.09,11.37,3.88,19.51,18.42,22.12,21.46,26.49,18.06,4.24,12.68,16.83,18.91,19.15,21.58,14.87,11.40,23.18,14.34,15.24,22.10,20.05,9.83
10.91,17.74,17.54,19.43,22.19,19.02,25.06,10.30,5.52,20.70,19.29,22.01,22.57,25.98,18.93,7.14,12.14,20.98,19.33,18.68,20.66,12.42,14.12,24.01,13.72,16.51,19.72,18.91,15.23
10.91,17.74,17.54,19.43,22.19,19.02,25.06,10.30,5.52,20.70,19.29,22.01,22.57,25.98,18.93,7.14,12.14,20.98,19.33,18.68,20.66,12.42,14.12,24.01,13.72,16.51,19.72,18.91,15.23
10.91,17.74,17.54,19.43,22.19,19.02,25.06,10.30,5.52,20.70,19.29,22.01,22.57,25.98,18.93,7.14,12.14,20.98,19.33,18.68,20.66,12.42,14.12,24.01,13.72,16.51,19.72,18.91,15.23
10.91,17.74,17.54,19.43,22.19,19.02,25.06,10.30,5.52,20.70,19.29,22.01,22.57,25.98,18.93,7.14,12.14,20.98,19.33,18.68,20.66,12.42,14.12,24.01,13.72,16.51,19.72,18.91,15.23
10.91,17.74,17.54,19.43,22.19,19.02,25.06,10.30,5.52,20.70,19.29,22.01,22.57,25.98,18.93,7.14,12.14,20.98,19.33,18.68,20.66,12.42,14.12,24.01,13.72,16.51,19.72,18.91,15.23
10.90,20.08,13.69,15.67,18.03,20.45,26.16,5.81,5.88,16.96,15.31,18.55,19.21,24.17,15.25,7.79,8.11,21.83,19.80,15.19,17.22,7.11,16.73,19.92,9.51,12.47,16.81,15.54,13.85
10.90,20.08,13.69,15.67,18.03,20.45,26.16,5.81,5.88,16.96,15.31,18.55,19.21,24.17,15.25,7.79,8.11,21.83,19.80,15.19,17.22,7.11,16.73,19.92,9.51,12.47,16.81,15.54,13.85
10.90,20.08,13.69,15.67,18.03,20.45,26.16,5.81,5.88,16.96,15.31,18.55,19.21,24.17,15.25,7.79,8.11,21.83,19.80,15.19,17.22,7.11,16.73,19.92,9.51,12.47,16.81,15.54,13.85
10.90,20.08,13.69,15.67,18.03,20.45,26.16,5.81,5.88,16.96,15.31,18.55,19.21,24.17,15.25,7.79,8.11,21.83,19.80,15.19,17.22,7.11,16.73,19.92,9.51,12.47,16.81,15.54,13.85
15.38,22.76,7.03,10.96,12.80,22.36,26.47,-4.92,7.89,12.66,8.51,11.03,13.96,21.84,10.31,8.30,0.16,25.23,20.28,7.52,10.70,-3.13,19.64,16.11,0.84,6.78,9.83,7.10,17.10
15.38,22.76,7.03,10.96,12.80,22.36,26.47,-4.92,7.89,12.66,8.51,11.03,13.96,21.84,10.31,8.30,0.16,25.23,20.28,7.52,10.70,-3.13,19.64,16.11,0.84,6.78,9.83,7.10,17.10
15.38,22.76,7.03,10.96,12.80,22.36,26.47,-4.92,7.89,12.66,8.51,11.03,13.96,21.84,10.31,8.30,0.16,25.23,20.28,7.52,10.70,-3.13,19.64,16.11,0.84,6.78,9.83,7.10,17.10
15.38,22.76,7.03,10.96,12.80,22.36,26.47,-4.92,7.89,12.66,8.51,11.03,13.96,21.84,10.31,8.30,0.16,25.23,20.28,7.52,10.70,-3.13,19.64,16.11,0.84,6.78,9.83,7.10,17.10
17.91,26.80,4.29,9.32,7.51,23.65,27.12,-10.45,8.91,9.68,7.57,7.05,8.08,18.18,9.33,11.05,-0.80,28.81,20.88,5.71,6.40,-17.77,20.38,11.17,-0.65,4.41,5.19,1.64,20.99
17.91,26.80,4.29,9.32,7.51,23.65,27.12,-10.45,8.91,9.68,7.57,7.05,8.08,18.18,9.33,11.05,-0.80,28.81,20.88,5.71,6.40,-17.77,20.38,11.17,-0.65,4.41,5.19,1.64,20.99
17.91,26.80,4.29,9.32,7.51,23.65,27.12,-10.45,8.91,9.68,7.57,7.05,8.08,18.18,9.33,11.05,-0.80,28.81,20.88,5.71,6.40,-17.77,20.38,11.17,-0.65,4.41,5.19,1.64,20.99
17.91,26.80,4.29,9.32,7.51,23.65,27.12,-10.45,8.91,9.68,7.57,7.05,8.08,18.18,9.33,11.05,-0.80,28.81,20.88,5.71,6.40,-17.77,20.38,11.17,-0.65,4.41,5.19,1.64,20.99
17.91,26.80,4.29,9.32,7.51,23.65,27.12,-10.45,8.91,9.68,7.57,7.05,8.08,18.18,9.33,11.05,-0.80,28.81,20.88,5.71,6.40,-17.77,20.38,11.17,-0.65,4.41,5.19,1.64,20.99
19.38,27.79,-2.16,2.85,3.22,22.41,26.15,-19.08,11.30,4.47,0.27,1.54,2.56,15.20,2.63,13.06,-7.61,27.24,20.61,-0.88,0.49,-26.34,22.74,6.64,-8.73,-1.45,-1.97,-5.16,22.11
19.38,27.79,-2.16,2.85,3.22,22.41,26.15,-19.08,11.30,4.47,0.27,1.54,2.56,15.20,2.63,13.06,-7.61,27.24,20.61,-0.88,0.49,-26.34,22.74,6.64,-8.73,-1.45,-1.97,-5.16,22.11
19.38,27.79,-2.16,2.85,3.22,22.41,26.15,-19.08,11.30,4.47,0.27,1.54,2.56,15.20,2.63,13.06,-7.61,27.24,20.61,-0.88,0.49,-26.34,22.74,6.64,-8.73,-1.45,-1.97,-5.16,22.11
19.38,27.79,-2.16,2.85,3.22,22.41,26.15,-19.08,11.30,4.47,0.27,1.54,2.56,15.20,2.63,13.06,-7.61,27.24,20.61,-0.88,0.49,-26.34,22.74,6.64,-8.73,-1.45,-1.97,-5.16,22.11
21.63,28.48,-4.68,-0.52,-0.75,22.51,26.55,-20.74,12.70,1.06,-3.63,-1.99,0.24,14.81,-0.82,14.76,-11.50,28.00,21.11,-6.83,-3.54,-27.97,23.62,5.47,-12.89,-4.26,-7.32,-5.75,24.83
21.63,28.48,-4.68,-0.52,-0.75,22.51,26.55,-20.74,12.70,1.06,-3.63,-1.99,0.24,14.81,-0.82,14.76,-11.50,28.00,21.11,-6.83,-3.54,-27.97,23.62,5.47,-12.89,-4.26,-7.32,-5.75,24.83
21.63,28.48,-4.68,-0.52,-0.75,22.51,26.55,-20.74,12.70,1.06,-3.63,-1.99,0.24,14.81,-0.82,14.76,-11.50,28.00,21.11,-6.83,-3.54,-27.97,23.62,5.47,-12.89,-4.26,-7.32,-5.75,24.83
21.63,28.48,-4.68,-0.52,-0.75,22.51,26.55,-20.74,12.70,1.06,-3.63,-1.99,0.24,14.81,-0.82,14.76,-11.50,28.00,21.11,-6.83,-3.54,-27.97,23.62,5.47,-12.89,-4.26,-7.32,-5.75,24.83
21.63,28.48,-4.68,-0.52,-0.75,22.51,26.55,-20.74,12.70,1.06,-3.63,-1.99,0.24,14.81,-0.82,14.76,-11.50,28.00,21.11,-6.83,-3.54,-27.97,23.62,5.47,-12.89,-4.26,-7.32,-5.75,24.83
19.95,27.90,-2.26,2.04,2.49,23.19,27.07,-17.66,11.61,3.54,-0.28,1.00,0.88,15.17,1.43,15.85,-12.00,28.49,21.18,-1.70,0.11,-26.77,23.69,6.31,-12.45,-1.87,-2.72,-3.99,24.06
19.95,27.90,-2.26,2.04,2.49,23.19,27.07,-17.66,11.61,3.54,-0.28,1.00,0.88,15.17,1.43,15.85,-12.00,28.49,21.18,-1.70,0.11,-26.77,23.69,6.31,-12.45,-1.87,-2.72,-3.99,24.06
19.95,27.90,-2.26,2.04,2.49,23.19,27.07,-17.66,11.61,3.54,-0.28,1.00,0.88,15.17,1.43,15.85,-12.00,28.49,21.18,-1.70,0.11,-26.77,23.69,6.31,-12.45,-1.87,-2.72,-3.99,24.06
19.95,27.90,-2.26,2.04,2.49,23.19,27.07,-17.66,11.61,3.54,-0.28,1.00,0.88,15.17,1.43,15.85,-12.00,28.49,21.18,-1.70,0.11,-26.77,23.69,6.31,-12.45,-1.87,-2.72,-3.99,24.06
19.04,25.61,1.80,6.18,5.69,22.89,26.82,-13.02,11.84,6.59,4.56,6.12,3.46,18.13,6.05,13.54,-5.98,27.01,20.90,3.58,4.28,-16.78,22.71,8.46,-5.64,1.19,1.92,1.05,22.45
19.04,25.61,1.80,6.18,5.69,22.89,26.82,-13.02,11.84,6.59,4.56,6.12,3.46,18.13,6.05,13.54,-5.98,27.01,20.90,3.58,4.28,-16.78,22.71,8.46,-5.64,1.19,1.92,1.05,22.45
19.04,25.61,1.80,6.18,5.69,22.89,26.82,-13.02,11.84,6.59,4.56,6.12,3.46,18.13,6.05,13.54,-5.98,27.01,20.90,3.58,4.28,-16.78,22.71,8.46,-5.64,1.19,1.92,1.05,22.45
19.04,25.61,1.80,6.18,5.69,22.89,26.82,-13.02,11.84,6.59,4.56,6.12,3.46,18.13,6.05,13.54,-5.98,27.01,20.90,3.58,4.28,-16.78,22.71,8.46,-5.64,1.19,1.92,1.05,22.45
13.65,23.14,6.84,9.90,11.11,21.29,25.88,-4.56,8.37,11.03,9.18,11.49,7.95,21.38,9.35,11.48,0.44,23.12,20.84,8.53,10.24,-5.75,18.77,12.45,1.63,6.14,10.16,7.51,17.85
13.65,23.14,6.84,9.90,11.11,21.29,25.88,-4.56,8.37,11.03,9.18,11.49,7.95,21.38,9.35,11.48,0.44,23.12,20.84,8.53,10.24,-5.75,18.77,12.45,1.63,6.14,10.16,7.51,17.85
13.65,23.14,6.84,9.90,11.11,21.29,25.88,-4.56,8.37,11.03,9.18,11.49,7.95,21.38,9.35,11.48,0.44,23.12,20.84,8.53,10.24,-5.75,18.77,12.45,1.63,6.14,10.16,7.51,17.85
13.65,23.14,6.84,9.90,11.11,21.29,25.88,-4.56,8.37,11.03,9.18,11.49,7.95,21.38,9.35,11.48,0.44,23.12,20.84,8.53,10.24,-5.75,18.77,12.45,1.63,6.14,10.16,7.51,17.85
10.23,18.09,10.15,11.03,16.54,18.16,24.95,0.67,6.15,12.47,10.69,15.71,13.67,24.33,10.40,8.10,5.09,18.01,19.85,12.58,15.39,5.35,15.80,14.73,7.02,8.03,16.68,12.58,15.76
10.23,18.09,10.15,11.03,16.54,18.16,24.95,0.67,6.15,12.47,10.69,15.71,13.67,24.33,10.40,8.10,5.09,18.01,19.85,12.58,15.39,5.35,15.80,14.73,7.02,8.03,16.68,12.58,15.76
10.23,18.09,10.15,11.03,16.54,18.16,24.95,0.67,6.15,12.47,10.69,15.71,13.67,24.33,10.40,8.10,5.09,18.01,19.85,12.58,15.39,5.35,15.80,14.73,7.02,8.03,16.68,12.58,15.76
10.23,18.09,10.15,11.03,16.54,18.16,24.95,0.67,6.15,12.47,10.69,15.71,13.67,24.33,10.40,8.10,5.09,18.01,19.85,12.58,15.39,5.35,15.80,14.73,7.02,8.03,16.68,12.58,15.76
10.23,18.09,10.15,11.03,16.54,18.16,24.95,0.67,6.15,12.47,10.69,15.71,13.67,24.33,10.40,8.10,5.09,18.01,19.85,12.58,15.39,5.35,15.80,14.73,7.02,8.03,16.68,12.58,15.76
8.41,15.02,14.80,17.13,19.94,18.42,24.03,8.00,4.80,17.52,16.61,19.59,19.19,26.15,16.20,5.45,8.59,19.11,18.96,16.86,19.00,12.27,11.66,19.32,10.81,13.38,20.99,18.04,12.37
8.41,15.02,14.80,17.13,19.94,18.42,24.03,8.00,4.80,17.52,16.61,19.59,19.19,26.15,16.20,5.45,8.59,19.11,18.96,16.86,19.00,12.27,11.66,19.32,10.81,13.38,20.99,18.04,12.37
8.41,15.02,14.80,17.13,19.94,18.42,24.03,8.00,4.80,17.52,16.61,19.59,19.19,26.15,16.20,5.45,8.59,19.11,18.96,16.86,19.00,12.27,11.66,19.32,10.81,13.38,20.99,18.04,12.37
8.41,15.02,14.80,17.13,19.94,18.42,24.03,8.00,4.80,17.52,16.61,19.59,19.19,26.15,16.20,5.45,8.59,19.11,18.96,16.86,19.00,12.27,11.66,19.32,10.81,13.38,20.99,18.04,12.37
6.41,14.68,18.15,19.92,22.85,17.13,24.21,12.22,3.06,20.92,20.72,22.53,23.24,24.75,19.69,4.55,12.98,17.57,17.88,21.12,21.45,16.14,12.70,24.21,15.61,16.88,23.14,20.44,11.40
6.41,14.68,18.15,19.92,22.85,17.13,24.21,12.22,3.06,20.92,20.72,22.53,23.24,24.75,19.69,4.55,12.98,17.57,17.88,21.12,21.45,16.14,12.70,24.21,15.61,16.88,23.14,20.44,11.40
6.41,14.68,18.15,19.92,22.85,17.13,24.21,12.22,3.06,20.92,20.72,22.53,23.24,24.75,19.69,4.55,12.98,17.57,17.88,21.12,21.45,16.14,12.70,24.21,15.61,16.88,23.14,20.44,11.40
6.41,14.68,18.15,19.92,22.85,17.13,24.21,12.22,3.06,20.92,20.72,22.53,23.24,24.75,19.69,4.55,12.98,17.57,17.88,21.12,21.45,16.14,12.70,24.21,15.61,16.88,23.14,20.44,11.40
8.26,15.55,15.57,17.25,23.93,18.65,24.75,10.94,4.00,18.77,17.23,20.89,25.51,25.63,16.86,6.59,11.06,19.67,18.73,18.90,21.63,12.97,14.16,23.63,12.79,13.87,23.16,20.16,12.09
8.26,15.55,15.57,17.25,23.93,18.65,24.75,10.94,4.00,18.77,17.23,20.89,25.51,25.63,16.86,6.59,11.06,19.67,18.73,18.90,21.63,12.97,14.16,23.63,12.79,13.87,23.16,20.16,12.09
8.26,15.55,15.57,17.25,23.93,18.65,24.75,10.94,4.00,18.77,17.23,20.89,25.51,25.63,16.86,6.59,11.06,19.67,18.73,18.90,21.63,12.97,14.16,23.63,12.79,13.87,23.16,20.16,12.09
8.26,15.55,15.57,17.25,23.93,18.65,24.75,10.94,4.00,18.77,17.23,20.89,25.51,25.63,16.86,6.59,11.06,19.67,18.73,18.90,21.63,12.97,14.16,23.63,12.79,13.87,23.16,20.16,12.09
8.26,15.55,15.57,17.25,23.93,18.65,24.75,10.94,4.00,18.77,17.23,20.89,25.51,25.63,16.86,6.59,11.06,19.67,18.73,18.90,21.63,12.97,14.16,23.63,12.79,13.87,23.16,20.16,12.09
11.94,18.89,10.89,13.94,17.81,21.40,26.50,4.28,6.39,15.53,13.00,14.96,21.14,24.21,13.56,8.06,7.23,22.51,19.53,12.46,15.11,5.81,17.59,19.57,8.15,10.19,15.33,15.61,15.08
11.94,18.89,10.89,13.94,17.81,21.40,26.50,4.28,6.39,15.53,13.00,14.96,21.14,24.21,13.56,8.06,7.23,22.51,19.53,12.46,15.11,5.81,17.59,19.57,8.15,10.19,15.33,15.61,15.08
11.94,18.89,10.89,13.94,17.81,21.40,26.50,4.28,6.39,15.53,13.00,14.96,21.14,24.21,13.56,8.06,7.23,22.51,19.53,12.46,15.11,5.81,17.59,19.57,8.15,10.19,15.33,15.61,15.08
11.94,18.89,10.89,13.94,17.81,21.40,26.50,4.28,6.39,15.53,13.00,14.96,21.14,24.21,13.56,8.06,7.23,22.51,19.53,12.46,15.11,5.81,17.59,19.57,8.15,10.19,15.33,15.61,15.08
14.87,21.94,6.12,10.34,10.23,21.75,26.58,-1.80,8.36,11.47,8.51,8.55,14.53,21.44,10.28,9.38,2.09,24.03,19.73,6.45,7.69,-3.51,19.22,13.94,2.77,6.24,6.57,9.22,16.51
14.87,21.94,6.12,10.34,10.23,21.75,26.58,-1.80,8.36,11.47,8.51,8.55,14.53,21.44,10.28,9.38,2.09,24.03,19.73,6.45,7.69,-3.51,19.22,13.94,2.77,6.24,6.57,9.22,16.51
14.87,21.94,6.12,10.34,10.23,21.75,26.58,-1.80,8.36,11.47,8.51,8.55,14.53,21.44,10.28,9.38,2.09,24.03,19.73,6.45,7.69,-3.51,19.22,13.94,2.77,6.24,6.57,9.22,16.51
14.87,21.94,6.12,10.34,10.23,21.75,26.58,-1.80,8.36,11.47,8.51,8.55,14.53,21.44,10.28,9.38,2.09,24.03,19.73,6.45,7.69,-3.51,19.22,13.94,2.77,6.24,6.57,9.22,16.51
14.87,21.94,6.12,10.34,10.23,21.75,26.58,-1.80,8.36,11.47,8.51,8.55,14.53,21.44,10.28,9.38,2.09,24.03,19.73,6.45,7.69,-3.51,19.22,13.94,2.77,6.24,6.57,9.22,16.51
17.61,24.60,3.45,6.06,10.52,22.04,26.17,-10.74,9.86,7.01,4.82,8.31,7.99,17.59,5.80,12.35,-7.21,24.83,19.90,5.43,8.67,-13.94,21.48,8.91,-7.21,2.43,8.03,1.41,19.50
17.61,24.60,3.45,6.06,10.52,22.04,26.17,-10.74,9.86,7.01,4.82,8.31,7.99,17.59,5.80,12.35,-7.21,24.83,19.90,5.43,8.67,-13.94,21.48,8.91,-7.21,2.43,8.03,1.41,19.50
17.61,24.60,3.45,6.06,10.52,22.04,26.17,-10.74,9.86,7.01,4.82,8.31,7.99,17.59,5.80,12.35,-7.21,24.83,19.90,5.43,8.67,-13.94,21.48,8.91,-7.21,2.43,8.03,1.41,19.50
17.61,24.60,3.45,6.06,10.52,22.04,26.17,-10.74,9.86,7.01,4.82,8.31,7.99,17.59,5.80,12.35,-7.21,24.83,19.90,5.43,8.67,-13.94,21.48,8.91,-7.21,2.43,8.03,1.41,19.50
20.37,26.33,-4.54,-0.92,1.95,22.85,26.30,-17.83,11.12,1.58,-3.48,-1.45,3.32,15.54,-1.03,14.95,-11.05,27.63,19.71,-4.96,-1.56,-25.45,22.56,5.87,-13.01,-3.36,-2.52,-5.18,23.68
20.37,26.33,-4.54,-0.92,1.95,22.85,26.30,-17.83,11.12,1.58,-3.48,-1.45,3.32,15.54,-1.03,14.95,-11.05,27.63,19.71,-4.96,-1.56,-25.45,22.56,5.87,-13.01,-3.36,-2.52,-5.18,23.68
20.37,26.33,-4.54,-0.92,1.95,22.85,26.30,-17.83,11.12,1.58,-3.48,-1.45,3.32,15.54,-1.03,14.95,-11.05,27.63,19.71,-4.96,-1.56,-25.45,22.56,5.87,-13.01,-3.36,-2.52,-5.18,23.68
20.37,26.33,-4.54,-0.92,1.95,22.85,26.30,-17.83,11.12,1.58,-3.48,-1.45,3.32,15.54,-1.03,14.95,-11.05,27.63,19.71,-4.96,-1.56,-25.45,22.56,5.87,-13.01,-3.36,-2.52,-5.18,23.68
21.34,28.70,-2.23,3.27,-0.28,22.52,26.00,-21.63,12.70,3.84,0.93,-0.53,-1.91,15.25,3.27,15.38,-8.07,28.07,20.14,-0.95,-2.37,-25.15,23.22,6.04,-8.91,-1.53,-3.58,-5.64,25.27
21.34,28.70,-2.23,3.27,-0.28,22.52,26.00,-21.63,12.70,3.84,0.93,-0.53,-1.91,15.25,3.27,15.38,-8.07,28.07,20.14,-0.95,-2.37,-25.15,23.22,6.04,-8.91,-1.53,-3.58,-5.64,25.27
21.34,28.70,-2.23,3.27,-0.28,22.52,26.00,-21.63,12.70,3.84,0.93,-0.53,-1.91,15.25,3.27,15.38,-8.07,28.07,20.14,-0.95,-2.37,-25.15,23.22,6.04,-8.91,-1.53,-3.58,-5.64,25.27
21.34,28.70,-2.23,3.27,-0.28,22.52,26.00,-21.63,12.70,3.84,0.93,-0.53,-1.91,15.25,3.27,15.38,-8.07,28.07,20.14,-0.95,-2.37,-25.15,23.22,6.04,-8.91,-1.53,-3.58,-5.64,25.27
21.34,28.70,-2.23,3.27,-0.28,22.52,26.00,-21.63,12.70,3.84,0.93,-0.53,-1.91,15.25,3.27,15.38,-8.07,28.07,20.14,-0.95,-2.37,-25.15,23.22,6.04,-8.91,-1.53,-3.58,-5.64,25.27
20.00,27.07,-1.21,4.55,0.04,21.66,25.94,-22.25,12.49,5.53,1.10,-0.35,1.24,16.23,4.14,15.59,-10.22,27.49,19.90,-3.01,-2.63,-25.20,23.41,7.30,-11.01,-0.14,-5.56,-4.25,23.69
20.00,27.07,-1.21,4.55,0.04,21.66,25.94,-22.25,12.49,5.53,1.10,-0.35,1.24,16.23,4.14,15.59,-10.22,27.49,19.90,-3.01,-2.63,-25.20,23.41,7.30,-11.01,-0.14,-5.56,-4.25,23.69
20.00,27.07,-1.21,4.55,0.04,21.66,25.94,-22.25,12.49,5.53,1.10,-0.35,1.24,16.23,4.14,15.59,-10.22,27.49,19.90,-3.01,-2.63,-25.20,23.41,7.30,-11.01,-0.14,-5.56,-4.25,23.69
20.00,27.07,-1.21,4.55,0.04,21.66,25.94,-22.25,12.49,5.53,1.10,-0.35,1.24,16.23,4.14,15.59,-10.22,27.49,19.90,-3.01,-2.63,-25.20,23.41,7.30,-11.01,-0.14,-5.56,-4.25,23.69
17.79,24.47,3.18,7.18,5.15,21.36,25.68,-18.01,10.82,8.25,5.39,6.22,2.37,20.51,6.39,13.43,-4.32,25.52,19.53,3.48,4.01,-12.49,22.76,9.10,-3.79,3.14,1.37,0.74,21.74
17.79,24.47,3.18,7.18,5.15,21.36,25.68,-18.01,10.82,8.25,5.39,6.22,2.37,20.51,6.39,13.43,-4.32,25.52,19.53,3.48,4.01,-12.49,22.76,9.10,-3.79,3.14,1.37,0.74,21.74
17.79,24.47,3.18,7.18,5.15,21.36,25.68,-18.01,10.82,8.25,5.39,6.22,2.37,20.51,6.39,13.43,-4.32,25.52,19.53,3.48,4.01,-12.49,22.76,9.10,-3.79,3.14,1.37,0.74,21.74
17.79,24.47,3.18,7.18,5.15,21.36,25.68,-18.01,10.82,8.25,5.39,6.22,2.37,20.51,6.39,13.43,-4.32,25.52,19.53,3.48,4.01,-12.49,22.76,9.10,-3.79,3.14,1.37,0.74,21.74
14.73,21.26,9.02,12.74,9.59,21.27,25.67,-10.76,8.64,13.11,11.94,12.93,8.80,23.65,12.35,10.40,2.29,23.58,19.78,10.48,9.97,-2.85,17.81,13.64,3.77,8.61,9.53,6.50,19.04
14.73,21.26,9.02,12.74,9.59,21.27,25.67,-10.76,8.64,13.11,11.94,12.93,8.80,23.65,12.35,10.40,2.29,23.58,19.78,10.48,9.97,-2.85,17.81,13.64,3.77,8.61,9.53,6.50,19.04
14.73,21.26,9.02,12.74,9.59,21.27,25.67,-10.76,8.64,13.11,11.94,12.93,8.80,23.65,12.35,10.40,2.29,23.58,19.78,10.48,9.97,-2.85,17.81,13.64,3.77,8.61,9.53,6.50,19.04
14.73,21.26,9.02,12.74,9.59,21.27,25.67,-10.76,8.64,13.11,11.94,12.93,8.80,23.65,12.35,10.40,2.29,23.58,19.78,10.48,9.97,-2.85,17.81,13.64,3.77,8.61,9.53,6.50,19.04
10.88,16.53,12.00,14.75,15.45,18.70,24.73,0.70,6.35,15.79,14.23,16.25,13.74,24.46,14.14,9.70,5.86,20.01,19.59,13.82,15.01,4.77,16.17,16.77,7.48,11.61,16.00,12.24,14.50
10.88,16.53,12.00,14.75,15.45,18.70,24.73,0.70,6.35,15.79,14.23,16.25,13.74,24.46,14.14,9.70,5.86,20.01,19.59,13.82,15.01,4.77,16.17,16.77,7.48,11.61,16.00,12.24,14.50
10.88,16.53,12.00,14.75,15.45,18.70,24.73,0.70,6.35,15.79,14.23,16.25,13.74,24.46,14.14,9.70,5.86,20.01,19.59,13.82,15.01,4.77,16.17,16.77,7.48,11.61,16.00,12.24,14.50
10.88,16.53,12.00,14.75,15.45,18.70,24.73,0.70,6.35,15.79,14.23,16.25,13.74,24.46,14.14,9.70,5.86,20.01,19.59,13.82,15.01,4.77,16.17,16.77,7.48,11.61,16.00,12.24,14.50
10.88,16.53,12.00,14.75,15.45,18.70,24.73,0.70,6.35,15.79,14.23,16.25,13.74,24.46,14.14,9.70,5.86,20.01,19.59,13.82,15.01,4.77,16.17,16.77,7.48,11.61,16.00,12.24,14.50
7.95,14.29,14.94,16.67,19.93,18.53,24.15,8.02,4.77,17.21,16.85,20.20,18.80,26.54,16.05,6.32,10.93,18.26,19.36,17.86,19.10,12.95,11.24,19.81,13.54,13.26,20.26,17.86,11.62
7.95,14.29,14.94,16.67,19.93,18.53,24.15,8.02,4.77,17.21,16.85,20.20,18.80,26.54,16.05,6.32,10.93,18.26,19.36,17.86,19.10,12.95,11.24,19.81,13.54,13.26,20.26,17.86,11.62
7.95,14.29,14.94,16.67,19.93,18.53,24.15,8.02,4.77,17.21,16.85,20.20,18.80,26.54,16.05,6.32,10.93,18.26,19.36,17.86,19.10,12.95,11.24,19.81,13.54,13.26,20.26,17.86,11.62
7.95,14.29,14.94,16.67,19.93,18.53,24.15,8.02,4.77,17.21,16.85,20.20,18.80,26.54,16.05,6.32,10.93,18.26,19.36,17.86,19.10,12.95,11.24,19.81,13.54,13.26,20.26,17.86,11.62
7.25,14.56,15.00,16.27,23.01,18.26,24.28,12.18,3.73,17.67,16.46,20.62,23.14,25.68,15.91,4.69,12.90,18.68,18.61,17.88,20.77,15.78,10.72,22.32,15.29,12.99,22.25,21.06,10.74
7.25,14.56,15.00,16.27,23.01,18.26,24.28,12.18,3.73,17.67,16.46,20.62,23.14,25.68,15.91,4.69,12.90,18.68,18.61,17.88,20.77,15.78,10.72,22.32,15.29,12.99,22.25,21.06,10.74
7.25,14.56,15.00,16.27,23.01,18.26,24.28,12.18,3.73,17.67,16.46,20.62,23.14,25.68,15.91,4.69,12.90,18.68,18.61,17.88,20.77,15.78,10.72,22.32,15.29,12.99,22.25,21.06,10.74
7.25,14.56,15.00,16.27,23.01,18.26,24.28,12.18,3.73,17.67,16.46,20.62,23.14,25.68,15.91,4.69,12.90,18.68,18.61,17.88,20.77,15.78,10.72,22.32,15.29,12.99,22.25,21.06,10.74
7.25,14.56,15.00,16.27,23.01,18.26,24.28,12.18,3.73,17.67,16.46,20.62,23.14,25.68,15.91,4.69,12.90,18.68,18.61,17.88,20.77,15.78,10.72,22.32,15.29,12.99,22.25,21.06,10.74
8.42,16.75,17.51,17.72,22.31,18.78,25.13,10.85,4.03,19.44,18.16,22.08,23.93,26.35,17.18,5.30,11.52,20.16,19.02,18.59,20.77,12.66,13.29,23.39,13.20,15.85,20.43,20.08,11.97
8.42,16.75,17.51,17.72,22.31,18.78,25.13,10.85,4.03,19.44,18.16,22.08,23.93,26.35,17.18,5.30,11.52,20.16,19.02,18.59,20.77,12.66,13.29,23.39,13.20,15.85,20.43,20.08,11.97
8.42,16.75,17.51,17.72,22.31,18.78,25.13,10.85,4.03,19.44,18.16,22.08,23.93,26.35,17.18,5.30,11.52,20.16,19.02,18.59,20.77,12.66,13.29,23.39,13.20,15.85,20.43,20.08,11.97
8.42,16.75,17.51,17.72,22.31,18.78,25.13,10.85,4.03,19.44,18.16,22.08,23.93,26.35,17.18,5.30,11.52,20.16,19.02,18.59,20.77,12.66,13.29,23.39,13.20,15.85,20.43,20.08,11.97
13.17,19.12,14.66,16.36,20.07,21.51,26.10,5.30,6.85,17.95,15.88,19.26,20.63,24.86,15.75,7.00,8.86,23.59,19.31,15.19,18.24,6.20,16.98,20.65,9.98,13.58,16.49,15.47,15.17
13.17,19.12,14.66,16.36,20.07,21.51,26.10,5.30,6.85,17.95,15.88,19.26,20.63,24.86,15.75,7.00,8.86,23.59,19.31,15.19,18.24,6.20,16.98,20.65,9.98,13.58,16.49,15.47,15.17
13.17,19.12,14.66,16.36,20.07,21.51,26.10,5.30,6.85,17.95,15.88,19.26,20.63,24.86,15.75,7.00,8.86,23.59,19.31,15.19,18.24,6.20,16.98,20.65,9.98,13.58,16.49,15.47,15.17
13.17,19.12,14.66,16.36,20.07,21.51,26.10,5.30,6.85,17.95,15.88,19.26,20.63,24.86,15.75,7.00,8.86,23.59,19.31,15.19,18.24,6.20,16.98,20.65,9.98,13.58,16.49,15.47,15.17
14.73,22.83,7.42,11.67,10.37,21.87,26.19,-2.23,8.13,13.01,9.92,10.24,14.20,21.80,11.32,10.11,3.59,25.15,19.50,8.74,8.75,-2.11,18.89,15.90,4.32,7.41,8.05,8.93,16.88
14.73,22.83,7.42,11.67,10.37,21.87,26.19,-2.23,8.13,13.01,9.92,10.24,14.20,21.80,11.32,10.11,3.59,25.15,19.50,8.74,8.75,-2.11,18.89,15.90,4.32,7.41,8.05,8.93,16.88
14.73,22.83,7.42,11.67,10.37,21.87,26.19,-2.23,8.13,13.01,9.92,10.24,14.20,21.80,11.32,10.11,3.59,25.15,19.50,8.74,8.75,-2.11,18.89,15.90,4.32,7.41,8.05,8.93,16.88
14.73,22.83,7.42,11.67,10.37,21.87,26.19,-2.23,8.13,13.01,9.92,10.24,14.20,21.80,11.32,10.11,3.59,25.15,19.50,8.74,8.75,-2.11,18.89,15.90,4.32,7.41,8.05,8.93,16.88
14.73,22.83,7.42,11.67,10.37,21.87,26.19,-2.23,8.13,13.01,9.92,10.24,14.20,21.80,11.32,10.11,3.59,25.15,19.50,8.74,8.75,-2.11,18.89,15.90,4.32,7.41,8.05,8.93,16.88
18.98,25.41,3.03,7.68,2.96,23.03,25.98,-12.91,10.58,9.47,5.29,2.63,9.33,18.17,7.37,11.21,0.74,26.38,20.26,3.14,1.22,-16.48,20.29,10.66,0.73,3.77,1.51,0.27,21.26
18.98,25.41,3.03,7.68,2.96,23.03,25.98,-12.91,10.58,9.47,5.29,2.63,9.33,18.17,7.37,11.21,0.74,26.38,20.26,3.14,1.22,-16.48,20.29,10.66,0.73,3.77,1.51,0.27,21.26
18.98,25.41,3.03,7.68,2.96,23.03,25.98,-12.91,10.58,9.47,5.29,2.63,9.33,18.17,7.37,11.21,0.74,26.38,20.26,3.14,1.22,-16.48,20.29,10.66,0.73,3.77,1.51,0.27,21.26
18.98,25.41,3.03,7.68,2.96,23.03,25.98,-12.91,10.58,9.47,5.29,2.63,9.33,18.17,7.37,11.21,0.74,26.38,20.26,3.14,1.22,-16.48,20.29,10.66,0.73,3.77,1.51,0.27,21.26
20.81,26.52,-0.15,5.95,2.68,22.41,26.13,-17.78,12.87,6.61,3.74,2.49,1.54,14.92,6.25,14.07,-3.26,27.04,19.69,2.71,1.56,-21.30,22.07,6.95,-3.58,0.92,1.65,-2.70,21.96
20.81,26.52,-0.15,5.95,2.68,22.41,26.13,-17.78,12.87,6.61,3.74,2.49,1.54,14.92,6.25,14.07,-3.26,27.04,19.69,2.71,1.56,-21.30,22.07,6.95,-3.58,0.92,1.65,-2.70,21.96
20.81,26.52,-0.15,5.95,2.68,22.41,26.13,-17.78,12.87,6.61,3.74,2.49,1.54,14.92,6.25,14.07,-3.26,27.04,19.69,2.71,1.56,-21.30,22.07,6.95,-3.58,0.92,1.65,-2.70,21.96
20.81,26.52,-0.15,5.95,2.68,22.41,26.13,-17.78,12.87,6.61,3.74,2.49,1.54,14.92,6.25,14.07,-3.26,27.04,19.69,2.71,1.56,-21.30,22.07,6.95,-3.58,0.92,1.65,-2.70,21.96
22.57,27.87,-1.91,4.60,-1.23,22.15,25.74,-22.64,13.90,5.14,1.74,0.36,-1.18,16.27,4.52,14.48,-7.57,28.12,19.92,-0.85,-2.19,-25.26,24.62,6.02,-8.37,-0.86,-3.69,-5.45,24.82
22.57,27.87,-1.91,4.60,-1.23,22.15,25.74,-22.64,13.90,5.14,1.74,0.36,-1.18,16.27,4.52,14.48,-7.57,28.12,19.92,-0.85,-2.19,-25.26,24.62,6.02,-8.37,-0.86,-3.69,-5.45,24.82
22.57,27.87,-1.91,4.60,-1.23,22.15,25.74,-22.64,13.90,5.14,1.74,0.36,-1.18,16.27,4.52,14.48,-7.57,28.12,19.92,-0.85,-2.19,-25.26,24.62,6.02,-8.37,-0.86,-3.69,-5.45,24.82
22.57,27.87,-1.91,4.60,-1.23,22.15,25.74,-22.64,13.90,5.14,1.74,0.36,-1.18,16.27,4.52,14.48,-7.57,28.12,19.92,-0.85,-2.19,-25.26,24.62,6.02,-8.37,-0.86,-3.69,-5.45,24.82
22.57,27.87,-1.91,4.60,-1.23,22.15,25.74,-22.64,13.90,5.14,1.74,0.36,-1.18,16.27,4.52,14.48,-7.57,28.12,19.92,-0.85,-2.19,-25.26,24.62,6.02,-8.37,-0.86,-3.69,-5.45,24.82
20.64,26.75,-5.74,0.22,-2.88,21.88,25.89,-18.77,11.99,0.88,-2.31,-3.97,-1.28,16.90,0.42,14.71,-8.04,28.03,19.51,-5.53,-6.53,-23.89,23.51,4.90,-9.02,-5.33,-9.32,-1.45,24.68
20.64,26.75,-5.74,0.22,-2.88,21.88,25.89,-18.77,11.99,0.88,-2.31,-3.97,-1.28,16.90,0.42,14.71,-8.04,28.03,19.51,-5.53,-6.53,-23.89,23.51,4.90,-9.02,-5.33,-9.32,-1.45,24.68
20.64,26.75,-5.74,0.22,-2.88,21.88,25.89,-18.77,11.99,0.88,-2.31,-3.97,-1.28,16.90,0.42,14.71,-8.04,28.03,19.51,-5.53,-6.53,-23.89,23.51,4.90,-9.02,-5.33,-9.32,-1.45,24.68
20.64,26.75,-5.74,0.22,-2.88,21.88,25.89,-18.77,11.99,0.88,-2.31,-3.97,-1.28,16.90,0.42,14.71,-8.04,28.03,19.51,-5.53,-6.53,-23.89,23.51,4.90,-9.02,-5.33,-9.32,-1.45,24.68
18.57,24.30,5.14,8.65,5.93,21.39,25.83,-16.42,11.67,9.55,7.42,7.79,3.18,19.70,8.32,12.49,-1.69,26.15,20.01,5.26,4.53,-16.86,22.20,9.99,-0.85,4.76,2.14,2.74,21.49
18.57,24.30,5.14,8.65,5.93,21.39,25.83,-16.42,11.67,9.55,7.42,7.79,3.18,19.70,8.32,12.49,-1.69,26.15,20.01,5.26,4.53,-16.86,22.20,9.99,-0.85,4.76,2.14,2.74,21.49
18.57,24.30,5.14,8.65,5.93,21.39,25.83,-16.42,11.67,9.55,7.42,7.79,3.18,19.70,8.32,12.49,-1.69,26.15,20.01,5.26,4.53,-16.86,22.20,9.99,-0.85,4.76,2.14,2.74,21.49
18.57,24.30,5.14,8.65,5.93,21.39,25.83,-16.42,11.67,9.55,7.42,7.79,3.18,19.70,8.32,12.49,-1.69,26.15,20.01,5.26,4.53,-16.86,22.20,9.99,-0.85,4.76,2.14,2.74,21.49
14.10,21.88,6.82,8.39,12.30,21.16,25.86,-8.33,8.48,9.23,8.54,12.06,9.33,22.58,8.10,11.28,-1.09,22.99,20.22,8.86,11.47,-3.90,17.72,10.58,0.24,5.17,11.85,8.06,17.75
14.10,21.88,6.82,8.39,12.30,21.16,25.86,-8.33,8.48,9.23,8.54,12.06,9.33,22.58,8.10,11.28,-1.09,22.99,20.22,8.86,11.47,-3.90,17.72,10.58,0.24,5.17,11.85,8.06,17.75
14.10,21.88,6.82,8.39,12.30,21.16,25.86,-8.33,8.48,9.23,8.54,12.06,9.33,22.58,8.10,11.28,-1.09,22.99,20.22,8.86,11.47,-3.90,17.72,10.58,0.24,5.17,11.85,8.06,17.75
14.10,21.88,6.82,8.39,12.30,21.16,25.86,-8.33,8.48,9.23,8.54,12.06,9.33,22.58,8.10,11.28,-1.09,22.99,20.22,8.86,11.47,-3.90,17.72,10.58,0.24,5.17,11.85,8.06,17.75
14.10,21.88,6.82,8.39,12.30,21.16,25.86,-8.33,8.48,9.23,8.54,12.06,9.33,22.58,8.10,11.28,-1.09,22.99,20.22,8.86,11.47,-3.90,17.72,10.58,0.24,5.17,11.85,8.06,17.75
11.87,17.28,12.04,14.38,16.71,18.78,24.81,1.42,6.61,14.70,14.38,16.82,14.41,24.74,14.02,7.46,4.92,20.95,19.68,14.79,16.17,5.32,15.25,16.52,6.77,10.46,18.06,13.45,16.97
11.87,17.28,12.04,14.38,16.71,18.78,24.81,1.42,6.61,14.70,14.38,16.82,14.41,24.74,14.02,7.46,4.92,20.95,19.68,14.79,16.17,5.32,15.25,16.52,6.77,10.46,18.06,13.45,16.97
11.87,17.28,12.04,14.38,16.71,18.78,24.81,1.42,6.61,14.70,14.38,16.82,14.41,24.74,14.02,7.46,4.92,20.95,19.68,14.79,16.17,5.32,15.25,16.52,6.77,10.46,18.06,13.45,16.97
11.87,17.28,12.04,14.38,16.71,18.78,24.81,1.42,6.61,14.70,14.38,16.82,14.41,24.74,14.02,7.46,4.92,20.95,19.68,14.79,16.17,5.32,15.25,16.52,6.77,10.46,18.06,13.45,16.97
8.10,14.35,15.99,15.45,21.89,17.56,24.28,9.06,4.50,17.42,15.80,21.11,17.82,26.24,14.70,4.90,8.65,18.75,19.18,16.40,20.81,13.49,11.81,20.96,10.44,14.08,20.82,18.37,11.98
8.10,14.35,15.99,15.45,21.89,17.56,24.28,9.06,4.50,17.42,15.80,21.11,17.82,26.24,14.70,4.90,8.65,18.75,19.18,16.40,20.81,13.49,11.81,20.96,10.44,14.08,20.82,18.37,11.98
8.10,14.35,15.99,15.45,21.89,17.56,24.28,9.06,4.50,17.42,15.80,21.11,17.82,26.24,14.70,4.90,8.65,18.75,19.18,16.40,20.81,13.49,11.81,20.96,10.44,14.08,20.82,18.37,11.98
8.10,14.35,15.99,15.45,21.89,17.56,24.28,9.06,4.50,17.42,15.80,21.11,17.82,26.24,14.70,4.90,8.65,18.75,19.18,16.40,20.81,13.49,11.81,20.96,10.44,14.08,20.82,18.37,11.98
6.45,13.59,17.00,17.46,24.46,17.39,24.09,12.99,3.64,18.63,17.75,23.10,22.62,25.22,17.10,5.34,11.57,16.77,19.28,19.61,22.82,16.19,11.55,22.76,13.59,14.83,23.56,21.37,9.38
6.45,13.59,17.00,17.46,24.46,17.39,24.09,12.99,3.64,18.63,17.75,23.10,22.62,25.22,17.10,5.34,11.57,16.77,19.28,19.61,22.82,16.19,11.55,22.76,13.59,14.83,23.56,21.37,9.38
6.45,13.59,17.00,17.46,24.46,17.39,24.09,12.99,3.64,18.63,17.75,23.10,22.62,25.22,17.10,5.34,11.57,16.77,19.28,19.61,22.82,16.19,11.55,22.76,13.59,14.83,23.56,21.37,9.38
6.45,13.59,17.00,17.46,24.46,17.39,24.09,12.99,3.64,18.63,17.75,23.10,22.62,25.22,17.10,5.34,11.57,16.77,19.28,19.61,22.82,16.19,11.55,22.76,13.59,14.83,23.56,21.37,9.38
6.45,13.59,17.00,17.46,24.46,17.39,24.09,12.99,3.64,18.63,17.75,23.10,22.62,25.22,17.10,5.34,11.57,16.77,19.28,19.61,22.82,16.19,11.55,22.76,13.59,14.83,23.56,21.37,9.38
10.05,16.07,17.77,19.36,23.71,19.11,25.13,11.00,5.21,20.68,19.00,22.79,24.55,25.93,18.75,6.71,10.75,22.03,19.17,18.64,21.94,12.25,13.41,23.87,12.40,16.40,21.34,19.77,15.01
10.05,16.07,17.77,19.36,23.71,19.11,25.13,11.00,5.21,20.68,19.00,22.79,24.55,25.93,18.75,6.71,10.75,22.03,19.17,18.64,21.94,12.25,13.41,23.87,12.40,16.40,21.34,19.77,15.01
10.05,16.07,17.77,19.36,23.71,19.11,25.13,11.00,5.21,20.68,19.00,22.79,24.55,25.93,18.75,6.71,10.75,22.03,19.17,18.64,21.94,12.25,13.41,23.87,12.40,16.40,21.34,19.77,15.01
10.05,16.07,17.77,19.36,23.71,19.11,25.13,11.00,5.21,20.68,19.00,22.79,24.55,25.93,18.75,6.71,10.75,22.03,19.17,18.64,21.94,12.25,13.41,23.87,12.40,16.40,21.34,19.77,15.01
13.18,20.02,13.04,14.49,19.52,21.84,26.49,6.15,7.27,16.21,14.36,18.37,21.26,24.21,14.15,8.17,6.61,24.49,19.81,14.57,18.08,7.10,15.50,19.73,7.94,11.73,16.96,15.23,15.66
13.18,20.02,13.04,14.49,19.52,21.84,26.49,6.15,7.27,16.21,14.36,18.37,21.26,24.21,14.15,8.17,6.61,24.49,19.81,14.57,18.08,7.10,15.50,19.73,7.94,11.73,16.96,15.23,15.66
13.18,20.02,13.04,14.49,19.52,21.84,26.49,6.15,7.27,16.21,14.36,18.37,21.26,24.21,14.15,8.17,6.61,24.49,19.81,14.57,18.08,7.10,15.50,19.73,7.94,11.73,16.96,15.23,15.66
13.18,20.02,13.04,14.49,19.52,21.84,26.49,6.15,7.27,16.21,14.36,18.37,21.26,24.21,14.15,8.17,6.61,24.49,19.81,14.57,18.08,7.10,15.50,19.73,7.94,11.73,16.96,15.23,15.66
13.18,20.02,13.04,14.49,19.52,21.84,26.49,6.15,7.27,16.21,14.36,18.37,21.26,24.21,14.15,8.17,6.61,24.49,19.81,14.57,18.08,7.10,15.50,19.73,7.94,11.73,16.96,15.23,15.66
15.52,23.25,8.11,10.76,14.88,23.01,27.21,-4.26,8.31,12.68,9.31,11.55,14.48,22.59,10.37,9.27,0.89,26.79,20.13,8.59,11.89,-3.42,18.78,14.74,1.87,7.60,11.17,7.88,18.21
15.52,23.25,8.11,10.76,14.88,23.01,27.21,-4.26,8.31,12.68,9.31,11.55,14.48,22.59,10.37,9.27,0.89,26.79,20.13,8.59,11.89,-3.42,18.78,14.74,1.87,7.60,11.17,7.88,18.21
15.52,23.25,8.11,10.76,14.88,23.01,27.21,-4.26,8.31,12.68,9.31,11.55,14.48,22.59,10.37,9.27,0.89,26.79,20.13,8.59,11.89,-3.42,18.78,14.74,1.87,7.60,11.17,7.88,18.21
15.52,23.25,8.11,10.76,14.88,23.01,27.21,-4.26,8.31,12.68,9.31,11.55,14.48,22.59,10.37,9.27,0.89,26.79,20.13,8.59,11.89,-3.42,18.78,14.74,1.87,7.60,11.17,7.88,18.21
18.83,26.47,4.34,6.81,8.24,22.78,26.62,-14.46,10.68,7.88,5.61,7.61,7.32,18.52,6.84,10.53,-1.43,26.82,20.55,5.46,6.16,-15.28,21.44,9.75,-1.28,3.65,5.02,1.77,21.88
18.83,26.47,4.34,6.81,8.24,22.78,26.62,-14.46,10.68,7.88,5.61,7.61,7.32,18.52,6.84,10.53,-1.43,26.82,20.55,5.46,6.16,-15.28,21.44,9.75,-1.28,3.65,5.02,1.77,21.88
18.83,26.47,4.34,6.81,8.24,22.78,26.62,-14.46,10.68,7.88,5.61,7.61,7.32,18.52,6.84,10.53,-1.43,26.82,20.55,5.46,6.16,-15.28,21.44,9.75,-1.28,3.65,5.02,1.77,21.88
18.83,26.47,4.34,6.81,8.24,22.78,26.62,-14.46,10.68,7.88,5.61,7.61,7.32,18.52,6.84,10.53,-1.43,26.82,20.55,5.46,6.16,-15.28,21.44,9.75,-1.28,3.65,5.02,1.77,21.88
20.21,27.98,-2.30,4.76,0.40,22.63,26.57,-20.51,11.31,5.50,1.38,-0.63,0.92,16.77,4.78,14.30,-9.45,28.45,19.98,-2.18,-2.18,-25.62,22.70,7.13,-10.83,-0.67,-3.88,-3.67,23.67
20.21,27.98,-2.30,4.76,0.40,22.63,26.57,-20.51,11.31,5.50,1.38,-0.63,0.92,16.77,4.78,14.30,-9.45,28.45,19.98,-2.18,-2.18,-25.62,22.70,7.13,-10.83,-0.67,-3.88,-3.67,23.67
20.21,27.98,-2.30,4.76,0.40,22.63,26.57,-20.51,11.31,5.50,1.38,-0.63,0.92,16.77,4.78,14.30,-9.45,28.45,19.98,-2.18,-2.18,-25.62,22.70,7.13,-10.83,-0.67,-3.88,-3.67,23.67
20.21,27.98,-2.30,4.76,0.40,22.63,26.57,-20.51,11.31,5.50,1.38,-0.63,0.92,16.77,4.78,14.30,-9.45,28.45,19.98,-2.18,-2.18,-25.62,22.70,7.13,-10.83,-0.67,-3.88,-3.67,23.67
20.21,27.98,-2.30,4.76,0.40,22.63,26.57,-20.51,11.31,5.50,1.38,-0.63,0.92,16.77,4.78,14.30,-9.45,28.45,19.98,-2.18,-2.18,-25.62,22.70,7.13,-10.83,-0.67,-3.88,-3.67,23.67
21.86,29.48,-2.18,1.95,0.79,22.55,26.34,-23.27,13.93,3.49,0.04,-0.14,-1.31,15.28,1.94,14.86,-8.35,28.27,20.28,-2.88,-1.70,-27.02,24.12,6.69,-9.23,-1.64,-3.46,-4.19,23.40
21.86,29.48,-2.18,1.95,0.79,22.55,26.34,-23.27,13.93,3.49,0.04,-0.14,-1.31,15.28,1.94,14.86,-8.35,28.27,20.28,-2.88,-1.70,-27.02,24.12,6.69,-9.23,-1.64,-3.46,-4.19,23.40
21.86,29.48,-2.18,1.95,0.79,22.55,26.34,-23.27,13.93,3.49,0.04,-0.14,-1.31,15.28,1.94,14.86,-8.35,28.27,20.28,-2.88,-1.70,-27.02,24.12,6.69,-9.23,-1.64,-3.46,-4.19,23.40
21.86,29.48,-2.18,1.95,0.79,22.55,26.34,-23.27,13.93,3.49,0.04,-0.14,-1.31,15.28,1.94,14.86,-8.35,28.27,20.28,-2.88,-1.70,-27.02,24.12,6.69,-9.23,-1.64,-3.46,-4.19,23.40
20.48,27.87,-3.19,1.20,3.51,22.37,26.37,-21.79,12.76,2.48,-0.61,2.08,-0.39,17.39,1.36,14.80,-7.66,27.41,20.23,-0.37,1.66,-24.04,23.91,6.31,-7.50,-3.57,-0.21,-3.39,23.21
20.48,27.87,-3.19,1.20,3.51,22.37,26.37,-21.79,12.76,2.48,-0.61,2.08,-0.39,17.39,1.36,14.80,-7.66,27.41,20.23,-0.37,1.66,-24.04,23.91,6.31,-7.50,-3.57,-0.21,-3.39,23.21
20.48,27.87,-3.19,1.20,3.51,22.37,26.37,-21.79,12.76,2.48,-0.61,2.08,-0.39,17.39,1.36,14.80,-7.66,27.41,20.23,-0.37,1.66,-24.04,23.91,6.31,-7.50,-3.57,-0.21,-3.39,23.21
20.48,27.87,-3.19,1.20,3.51,22.37,26.37,-21.79,12.76,2.48,-0.61,2.08,-0.39,17.39,1.36,14.80,-7.66,27.41,20.23,-0.37,1.66,-24.04,23.91,6.31,-7.50,-3.57,-0.21,-3.39,23.21
16.67,26.04,0.25,2.76,5.96,21.89,26.33,-16.57,10.62,5.57,0.61,3.76,4.59,19.19,2.18,14.09,-8.04,25.39,20.09,-1.07,3.07,-18.32,22.55,9.28,-7.93,0.19,0.09,-0.26,19.56
16.67,26.04,0.25,2.76,5.96,21.89,26.33,-16.57,10.62,5.57,0.61,3.76,4.59,19.19,2.18,14.09,-8.04,25.39,20.09,-1.07,3.07,-18.32,22.55,9.28,-7.93,0.19,0.09,-0.26,19.56
16.67,26.04,0.25,2.76,5.96,21.89,26.33,-16.57,10.62,5.57,0.61,3.76,4.59,19.19,2.18,14.09,-8.04,25.39,20.09,-1.07,3.07,-18.32,22.55,9.28,-7.93,0.19,0.09,-0.26,19.56
16.67,26.04,0.25,2.76,5.96,21.89,26.33,-16.57,10.62,5.57,0.61,3.76,4.59,19.19,2.18,14.09,-8.04,25.39,20.09,-1.07,3.07,-18.32,22.55,9.28,-7.93,0.19,0.09,-0.26,19.56
16.67,26.04,0.25,2.76,5.96,21.89,26.33,-16.57,10.62,5.57,0.61,3.76,4.59,19.19,2.18,14.09,-8.04,25.39,20.09,-1.07,3.07,-18.32,22.55,9.28,-7.93,0.19,0.09,-0.26,19.56
15.37,22.96,7.53,8.60,12.24,20.48,25.67,-10.35,9.53,9.73,8.59,12.41,8.84,22.20,8.01,11.73,-0.88,23.28,19.48,8.01,11.48,-4.15,17.88,11.16,0.41,5.98,10.75,4.57,18.41
15.37,22.96,7.53,8.60,12.24,20.48,25.67,-10.35,9.53,9.73,8.59,12.41,8.84,22.20,8.01,11.73,-0.88,23.28,19.48,8.01,11.48,-4.15,17.88,11.16,0.41,5.98,10.75,4.57,18.41
15.37,22.96,7.53,8.60,12.24,20.48,25.67,-10.35,9.53,9.73,8.59,12.41,8.84,22.20,8.01,11.73,-0.88,23.28,19.48,8.01,11.48,-4.15,17.88,11.16,0.41,5.98,10.75,4.57,18.41
15.37,22.96,7.53,8.60,12.24,20.48,25.67,-10.35,9.53,9.73,8.59,12.41,8.84,22.20,8.01,11.73,-0.88,23.28,19.48,8.01,11.48,-4.15,17.88,11.16,0.41,5.98,10.75,4.57,18.41
11.12,18.87,10.09,11.22,18.02,19.04,24.98,0.00,6.78,11.40,12.01,16.28,13.92,24.01,11.29,8.12,7.63,20.52,19.34,14.52,16.73,5.24,15.47,13.55,9.63,7.61,18.62,12.24,14.70
11.12,18.87,10.09,11.22,18.02,19.04,24.98,0.00,6.78,11.40,12.01,16.28,13.92,24.01,11.29,8.12,7.63,20.52,19.34,14.52,16.73,5.24,15.47,13.55,9.63,7.61,18.62,12.24,14.70
11.12,18.87,10.09,11.22,18.02,19.04,24.98,0.00,6.78,11.40,12.01,16.28,13.92,24.01,11.29,8.12,7.63,20.52,19.34,14.52,16.73,5.24,15.47,13.55,9.63,7.61,18.62,12.24,14.70
11.12,18.87,10.09,11.22,18.02,19.04,24.98,0.00,6.78,11.40,12.01,16.28,13.92,24.01,11.29,8.12,7.63,20.52,19.34,14.52,16.73,5.24,15.47,13.55,9.63,7.61,18.62,12.24,14.70
9.23,15.50,14.18,15.64,20.27,17.89,24.67,8.53,5.57,16.27,15.95,19.70,18.83,26.20,14.93,5.81,10.84,19.06,18.39,17.30,19.22,12.53,12.17,18.72,13.03,12.88,20.93,18.65,12.11
9.23,15.50,14.18,15.64,20.27,17.89,24.67,8.53,5.57,16.27,15.95,19.70,18.83,26.20,14.93,5.81,10.84,19.06,18.39,17.30,19.22,12.53,12.17,18.72,13.03,12.88,20.93,18.65,12.11
9.23,15.50,14.18,15.64,20.27,17.89,24.67,8.53,5.57,16.27,15.95,19.70,18.83,26.20,14.93,5.81,10.84,19.06,18.39,17.30,19.22,12.53,12.17,18.72,13.03,12.88,20.93,18.65,12.11
9.23,15.50,14.18,15.64,20.27,17.89,24.67,8.53,5.57,16.27,15.95,19.70,18.83,26.20,14.93,5.81,10.84,19.06,18.39,17.30,19.22,12.53,12.17,18.72,13.03,12.88,20.93,18.65,12.11
9.23,15.50,14.18,15.64,20.27,17.89,24.67,8.53,5.57,16.27,15.95,19.70,18.83,26.20,14.93,5.81,10.84,19.06,18.39,17.30,19.22,12.53,12.17,18.72,13.03,12.88,20.93,18.65,12.11
7.75,15.37,18.30,20.07,22.52,17.85,24.20,11.26,4.33,21.54,19.87,22.35,23.32,25.12,19.17,5.50,12.61,18.71,17.79,19.42,20.68,15.59,12.33,23.92,14.30,17.16,20.99,20.69,11.57
7.75,15.37,18.30,20.07,22.52,17.85,24.20,11.26,4.33,21.54,19.87,22.35,23.32,25.12,19.17,5.50,12.61,18.71,17.79,19.42,20.68,15.59,12.33,23.92,14.30,17.16,20.99,20.69,11.57
7.75,15.37,18.30,20.07,22.52,17.85,24.20,11.26,4.33,21.54,19.87,22.35,23.32,25.12,19.17,5.50,12.61,18.71,17.79,19.42,20.68,15.59,12.33,23.92,14.30,17.16,20.99,20.69,11.57
7.75,15.37,18.30,20.07,22.52,17.85,24.20,11.26,4.33,21.54,19.87,22.35,23.32,25.12,19.17,5.50,12.61,18.71,17.79,19.42,20.68,15.59,12.33,23.92,14.30,17.16,20.99,20.69,11.57
8.41,17.34,17.26,18.70,23.55,17.57,24.48,10.28,4.14,19.74,18.53,22.54,24.62,25.47,18.33,7.26,11.84,18.13,18.23,19.01,21.57,13.06,12.76,23.32,13.35,15.52,21.16,19.74,11.54
8.41,17.34,17.26,18.70,23.55,17.57,24.48,10.28,4.14,19.74,18.53,22.54,24.62,25.47,18.33,7.26,11.84,18.13,18.23,19.01,21.57,13.06,12.76,23.32,13.35,15.52,21.16,19.74,11.54
8.41,17.34,17.26,18.70,23.55,17.57,24.48,10.28,4.14,19.74,18.53,22.54,24.62,25.47,18.33,7.26,11.84,18.13,18.23,19.01,21.57,13.06,12.76,23.32,13.35,15.52,21.16,19.74,11.54
8.41,17.34,17.26,18.70,23.55,17.57,24.48,10.28,4.14,19.74,18.53,22.54,24.62,25.47,18.33,7.26,11.84,18.13,18.23,19.01,21.57,13.06,12.76,23.32,13.35,15.52,21.16,19.74,11.54
11.17,21.40,11.91,14.79,17.28,20.48,26.03,4.93,5.72,16.74,13.74,15.21,20.32,23.69,14.27,8.18,8.38,22.24,19.50,12.51,14.23,5.37,15.66,20.25,9.28,11.92,13.35,15.70,14.96
11.17,21.40,11.91,14.79,17.28,20.48,26.03,4.93,5.72,16.74,13.74,15.21,20.32,23.69,14.27,8.18,8.38,22.24,19.50,12.51,14.23,5.37,15.66,20.25,9.28,11.92,13.35,15.70,14.96
11.17,21.40,11.91,14.79,17.28,20.48,26.03,4.93,5.72,16.74,13.74,15.21,20.32,23.69,14.27,8.18,8.38,22.24,19.50,12.51,14.23,5.37,15.66,20.25,9.28,11.92,13.35,15.70,14.96
11.17,21.40,11.91,14.79,17.28,20.48,26.03,4.93,5.72,16.74,13.74,15.21,20.32,23.69,14.27,8.18,8.38,22.24,19.50,12.51,14.23,5.37,15.66,20.25,9.28,11.92,13.35,15.70,14.96
11.17,21.40,11.91,14.79,17.28,20.48,26.03,4.93,5.72,16.74,13.74,15.21,20.32,23.69,14.27,8.18,8.38,22.24,19.50,12.51,14.23,5.37,15.66,20.25,9.28,11.92,13.35,15.70,14.96
15.91,23.86,8.92,12.52,11.74,21.54,26.42,-2.25,8.73,14.05,11.05,12.64,15.10,21.82,12.18,10.05,2.35,24.53,19.65,10.46,10.79,-4.32,18.92,16.13,3.50,8.84,9.19,8.84,17.84
15.91,23.86,8.92,12.52,11.74,21.54,26.42,-2.25,8.73,14.05,11.05,12.64,15.10,21.82,12.18,10.05,2.35,24.53,19.65,10.46,10.79,-4.32,18.92,16.13,3.50,8.84,9.19,8.84,17.84
15.91,23.86,8.92,12.52,11.74,21.54,26.42,-2.25,8.73,14.05,11.05,12.64,15.10,21.82,12.18,10.05,2.35,24.53,19.65,10.46,10.79,-4.32,18.92,16.13,3.50,8.84,9.19,8.84,17.84
15.91,23.86,8.92,12.52,11.74,21.54,26.42,-2.25,8.73,14.05,11.05,12.64,15.10,21.82,12.18,10.05,2.35,24.53,19.65,10.46,10.79,-4.32,18.92,16.13,3.50,8.84,9.19,8.84,17.84
18.20,25.66,2.65,6.27,8.55,22.40,26.13,-14.44,10.00,6.94,4.83,7.39,7.67,17.63,6.53,12.63,-2.22,26.36,19.95,5.36,7.58,-12.56,21.43,9.20,-1.91,2.07,6.37,0.50,20.72
18.20,25.66,2.65,6.27,8.55,22.40,26.13,-14.44,10.00,6.94,4.83,7.39,7.67,17.63,6.53,12.63,-2.22,26.36,19.95,5.36,7.58,-12.56,21.43,9.20,-1.91,2.07,6.37,0.50,20.72
18.20,25.66,2.65,6.27,8.55,22.40,26.13,-14.44,10.00,6.94,4.83,7.39,7.67,17.63,6.53,12.63,-2.22,26.36,19.95,5.36,7.58,-12.56,21.43,9.20,-1.91,2.07,6.37,0.50,20.72
18.20,25.66,2.65,6.27,8.55,22.40,26.13,-14.44,10.00,6.94,4.83,7.39,7.67,17.63,6.53,12.63,-2.22,26.36,19.95,5.36,7.58,-12.56,21.43,9.20,-1.91,2.07,6.37,0.50,20.72
22.24,27.58,0.37,5.47,0.50,22.75,26.37,-23.91,12.59,5.07,3.69,1.44,2.39,15.56,6.10,14.14,-3.12,28.53,20.26,2.33,-0.83,-19.05,22.53,6.26,-3.48,0.20,-0.87,-5.13,25.17
22.24,27.58,0.37,5.47,0.50,22.75,26.37,-23.91,12.59,5.07,3.69,1.44,2.39,15.56,6.10,14.14,-3.12,28.53,20.26,2.33,-0.83,-19.05,22.53,6.26,-3.48,0.20,-0.87,-5.13,25.17
22.24,27.58,0.37,5.47,0.50,22.75,26.37,-23.91,12.59,5.07,3.69,1.44,2.39,15.56,6.10,14.14,-3.12,28.53,20.26,2.33,-0.83,-19.05,22.53,6.26,-3.48,0.20,-0.87,-5.13,25.17
22.24,27.58,0.37,5.47,0.50,22.75,26.37,-23.91,12.59,5.07,3.69,1.44,2.39,15.56,6.10,14.14,-3.12,28.53,20.26,2.33,-0.83,-19.05,22.53,6.26,-3.48,0.20,-0.87,-5.13,25.17
22.24,27.58,0.37,5.47,0.50,22.75,26.37,-23.91,12.59,5.07,3.69,1.44,2.39,15.56,6.10,14.14,-3.12,28.53,20.26,2.33,-0.83,-19.05,22.53,6.26,-3.48,0.20,-0.87,-5.13,25.17
21.81,28.80,0.12,5.49,2.29,21.76,26.30,-21.16,12.79,6.33,2.00,2.50,-0.38,15.44,5.22,13.74,-8.69,27.75,20.33,-1.49,0.24,-27.51,24.65,7.55,-9.64,0.63,-3.79,-3.64,25.12
21.81,28.80,0.12,5.49,2.29,21.76,26.30,-21.16,12.79,6.33,2.00,2.50,-0.38,15.44,5.22,13.74,-8.69,27.75,20.33,-1.49,0.24,-27.51,24.65,7.55,-9.64,0.63,-3.79,-3.64,25.12
21.81,28.80,0.12,5.49,2.29,21.76,26.30,-21.16,12.79,6.33,2.00,2.50,-0.38,15.44,5.22,13.74,-8.69,27.75,20.33,-1.49,0.24,-27.51,24.65,7.55,-9.64,0.63,-3.79,-3.64,25.12
21.81,28.80,0.12,5.49,2.29,21.76,26.30,-21.16,12.79,6.33,2.00,2.50,-0.38,15.44,5.22,13.74,-8.69,27.75,20.33,-1.49,0.24,-27.51,24.65,7.55,-9.64,0.63,-3.79,-3.64,25.12
19.64,27.30,1.38,6.18,4.33,21.81,26.11,-23.90,11.90,6.57,4.48,4.67,0.02,18.26,6.34,14.99,-3.13,27.64,20.04,2.82,2.09,-23.89,23.91,7.50,-2.97,1.28,-0.85,-4.65,23.26
19.64,27.30,1.38,6.18,4.33,21.81,26.11,-23.90,11.90,6.57,4.48,4.67,0.02,18.26,6.34,14.99,-3.13,27.64,20.04,2.82,2.09,-23.89,23.91,7.50,-2.97,1.28,-0.85,-4.65,23.26
19.64,27.30,1.38,6.18,4.33,21.81,26.11,-23.90,11.90,6.57,4.48,4.67,0.02,18.26,6.34,14.99,-3.13,27.64,20.04,2.82,2.09,-23.89,23.91,7.50,-2.97,1.28,-0.85,-4.65,23.26
19.64,27.30,1.38,6.18,4.33,21.81,26.11,-23.90,11.90,6.57,4.48,4.67,0.02,18.26,6.34,14.99,-3.13,27.64,20.04,2.82,2.09,-23.89,23.91,7.50,-2.97,1.28,-0.85,-4.65,23.26
16.73,26.16,5.30,8.71,8.02,21.55,25.86,-20.40,10.23,8.77,7.51,9.46,3.90,19.47,8.55,12.98,-2.05,24.87,19.94,7.02,7.59,-11.94,21.40,9.93,-1.09,4.43,6.23,0.21,20.29
16.73,26.16,5.30,8.71,8.02,21.55,25.86,-20.40,10.23,8.77,7.51,9.46,3.90,19.47,8.55,12.98,-2.05,24.87,19.94,7.02,7.59,-11.94,21.40,9.93,-1.09,4.43,6.23,0.21,20.29
16.73,26.16,5.30,8.71,8.02,21.55,25.86,-20.40,10.23,8.77,7.51,9.46,3.90,19.47,8.55,12.98,-2.05,24.87,19.94,7.02,7.59,-11.94,21.40,9.93,-1.09,4.43,6.23,0.21,20.29
16.73,26.16,5.30,8.71,8.02,21.55,25.86,-20.40,10.23,8.77,7.51,9.46,3.90,19.47,8.55,12.98,-2.05,24.87,19.94,7.02,7.59,-11.94,21.40,9.93,-1.09,4.43,6.23,0.21,20.29
16.73,26.16,5.30,8.71,8.02,21.55,25.86,-20.40,10.23,8.77,7.51,9.46,3.90,19.47,8.55,12.98,-2.05,24.87,19.94,7.02,7.59,-11.94,21.40,9.93,-1.09,4.43,6.23,0.21,20.29
13.93,22.95,8.22,11.96,11.21,21.40,25.85,-10.76,8.31,11.92,11.16,12.68,9.29,22.43,11.60,11.99,1.09,23.65,19.77,10.10,10.79,-2.93,18.28,13.46,2.43,7.49,10.36,6.95,18.40
13.93,22.95,8.22,11.96,11.21,21.40,25.85,-10.76,8.31,11.92,11.16,12.68,9.29,22.43,11.60,11.99,1.09,23.65,19.77,10.10,10.79,-2.93,18.28,13.46,2.43,7.49,10.36,6.95,18.40
13.93,22.95,8.22,11.96,11.21,21.40,25.85,-10.76,8.31,11.92,11.16,12.68,9.29,22.43,11.60,11.99,1.09,23.65,19.77,10.10,10.79,-2.93,18.28,13.46,2.43,7.49,10.36,6.95,18.40
13.93,22.95,8.22,11.96,11.21,21.40,25.85,-10.76,8.31,11.92,11.16,12.68,9.29,22.43,11.60,11.99,1.09,23.65,19.77,10.10,10.79,-2.93,18.28,13.46,2.43,7.49,10.36,6.95,18.40
10.99,19.55,10.19,13.32,15.63,18.98,24.99,1.02,6.57,13.38,12.64,15.46,14.76,23.74,13.13,8.18,5.41,20.27,20.05,13.47,14.81,4.78,15.91,15.62,7.10,9.23,16.78,13.35,14.91
10.99,19.55,10.19,13.32,15.63,18.98,24.99,1.02,6.57,13.38,12.64,15.46,14.76,23.74,13.13,8.18,5.41,20.27,20.05,13.47,14.81,4.78,15.91,15.62,7.10,9.23,16.78,13.35,14.91
10.99,19.55,10.19,13.32,15.63,18.98,24.99,1.02,6.57,13.38,12.64,15.46,14.76,23.74,13.13,8.18,5.41,20.27,20.05,13.47,14.81,4.78,15.91,15.62,7.10,9.23,16.78,13.35,14.91
10.99,19.55,10.19,13.32,15.63,18.98,24.99,1.02,6.57,13.38,12.64,15.46,14.76,23.74,13.13,8.18,5.41,20.27,20.05,13.47,14.81,4.78,15.91,15.62,7.10,9.23,16.78,13.35,14.91
8.39,15.34,14.90,16.78,19.36,18.78,24.50,8.63,4.80,18.43,16.50,19.66,19.06,26.15,15.96,7.24,9.92,19.29,19.73,15.99,18.27,11.99,11.73,20.04,11.53,14.41,18.45,17.56,11.78
8.39,15.34,14.90,16.78,19.36,18.78,24.50,8.63,4.80,18.43,16.50,19.66,19.06,26.15,15.96,7.24,9.92,19.29,19.73,15.99,18.27,11.99,11.73,20.04,11.53,14.41,18.45,17.56,11.78
8.39,15.34,14.90,16.78,19.36,18.78,24.50,8.63,4.80,18.43,16.50,19.66,19.06,26.15,15.96,7.24,9.92,19.29,19.73,15.99,18.27,11.99,11.73,20.04,11.53,14.41,18.45,17.56,11.78
8.39,15.34,14.90,16.78,19.36,18.78,24.50,8.63,4.80,18.43,16.50,19.66,19.06,26.15,15.96,7.24,9.92,19.29,19.73,15.99,18.27,11.99,11.73,20.04,11.53,14.41,18.45,17.56,11.78
8.39,15.34,14.90,16.78,19.36,18.78,24.50,8.63,4.80,18.43,16.50,19.66,19.06,26.15,15.96,7.24,9.92,19.29,19.73,15.99,18.27,11.99,11.73,20.04,11.53,14.41,18.45,17.56,11.78
8.21,14.38,16.62,19.48,22.21,17.75,24.05,12.36,4.42,19.34,19.61,21.57,22.74,25.67,19.49,4.70,14.90,18.91,18.52,20.59,20.80,14.90,11.50,22.27,17.06,14.62,22.23,19.97,13.12
8.21,14.38,16.62,19.48,22.21,17.75,24.05,12.36,4.42,19.34,19.61,21.57,22.74,25.67,19.49,4.70,14.90,18.91,18.52,20.59,20.80,14.90,11.50,22.27,17.06,14.62,22.23,19.97,13.12
8.21,14.38,16.62,19.48,22.21,17.75,24.05,12.36,4.42,19.34,19.61,21.57,22.74,25.67,19.49,4.70,14.90,18.91,18.52,20.59,20.80,14.90,11.50,22.27,17.06,14.62,22.23,19.97,13.12
8.21,14.38,16.62,19.48,22.21,17.75,24.05,12.36,4.42,19.34,19.61,21.57,22.74,25.67,19.49,4.70,14.90,18.91,18.52,20.59,20.80,14.90,11.50,22.27,17.06,14.62,22.23,19.97,13.12
10.98,15.89,14.60,16.44,22.57,20.24,25.26,10.60,6.08,17.83,16.45,20.03,23.11,25.38,16.27,5.72,12.05,22.30,18.91,17.68,20.53,13.42,14.06,22.72,13.68,13.18,21.61,19.55,14.42
10.98,15.89,14.60,16.44,22.57,20.24,25.26,10.60,6.08,17.83,16.45,20.03,23.11,25.38,16.27,5.72,12.05,22.30,18.91,17.68,20.53,13.42,14.06,22.72,13.68,13.18,21.61,19.55,14.42
10.98,15.89,14.60,16.44,22.57,20.24,25.26,10.60,6.08,17.83,16.45,20.03,23.11,25.38,16.27,5.72,12.05,22.30,18.91,17.68,20.53,13.42,14.06,22.72,13.68,13.18,21.61,19.55,14.42
10.98,15.89,14.60,16.44,22.57,20.24,25.26,10.60,6.08,17.83,16.45,20.03,23.11,25.38,16.27,5.72,12.05,22.30,18.91,17.68,20.53,13.42,14.06,22.72,13.68,13.18,21.61,19.55,14.42
10.98,15.89,14.60,16.44,22.57,20.24,25.26,10.60,6.08,17.83,16.45,20.03,23.11,25.38,16.27,5.72,12.05,22.30,18.91,17.68,20.53,13.42,14.06,22.72,13.68,13.18,21.61,19.55,14.42
13.10,20.20,12.65,16.28,17.90,22.89,26.80,4.01,6.99,17.77,15.47,17.07,19.15,23.91,15.99,8.04,8.24,25.23,19.65,14.92,16.67,5.78,17.27,20.71,9.35,12.43,16.04,15.60,15.99
13.10,20.20,12.65,16.28,17.90,22.89,26.80,4.01,6.99,17.77,15.47,17.07,19.15,23.91,15.99,8.04,8.24,25.23,19.65,14.92,16.67,5.78,17.27,20.71,9.35,12.43,16.04,15.60,15.99
13.10,20.20,12.65,16.28,17.90,22.89,26.80,4.01,6.99,17.77,15.47,17.07,19.15,23.91,15.99,8.04,8.24,25.23,19.65,14.92,16.67,5.78,17.27,20.71,9.35,12.43,16.04,15.60,15.99
13.10,20.20,12.65,16.28,17.90,22.89,26.80,4.01,6.99,17.77,15.47,17.07,19.15,23.91,15.99,8.04,8.24,25.23,19.65,14.92,16.67,5.78,17.27,20.71,9.35,12.43,16.04,15.60,15.99
16.85,24.41,9.70,13.41,12.12,23.15,27.00,-2.71,9.11,14.60,12.22,12.51,13.85,22.38,13.26,9.44,3.21,27.95,20.03,10.55,10.64,-4.96,19.91,16.88,4.00,9.72,8.16,9.19,19.84
16.85,24.41,9.70,13.41,12.12,23.15,27.00,-2.71,9.11,14.60,12.22,12.51,13.85,22.38,13.26,9.44,3.21,27.95,20.03,10.55,10.64,-4.96,19.91,16.88,4.00,9.72,8.16,9.19,19.84
16.85,24.41,9.70,13.41,12.12,23.15,27.00,-2.71,9.11,14.60,12.22,12.51,13.85,22.38,13.26,9.44,3.21,27.95,20.03,10.55,10.64,-4.96,19.91,16.88,4.00,9.72,8.16,9.19,19.84
16.85,24.41,9.70,13.41,12.12,23.15,27.00,-2.71,9.11,14.60,12.22,12.51,13.85,22.38,13.26,9.44,3.21,27.95,20.03,10.55,10.64,-4.96,19.91,16.88,4.00,9.72,8.16,9.19,19.84
17.64,26.89,5.61,8.35,6.55,23.48,26.64,-14.31,9.83,9.86,6.95,7.56,8.66,17.14,8.22,10.63,-1.51,26.04,20.42,5.31,5.28,-16.39,20.25,11.00,-1.65,5.03,2.48,0.49,20.43
17.64,26.89,5.61,8.35,6.55,23.48,26.64,-14.31,9.83,9.86,6.95,7.56,8.66,17.14,8.22,10.63,-1.51,26.04,20.42,5.31,5.28,-16.39,20.25,11.00,-1.65,5.03,2.48,0.49,20.43
17.64,26.89,5.61,8.35,6.55,23.48,26.64,-14.31,9.83,9.86,6.95,7.56,8.66,17.14,8.22,10.63,-1.51,26.04,20.42,5.31,5.28,-16.39,20.25,11.00,-1.65,5.03,2.48,0.49,20.43
17.64,26.89,5.61,8.35,6.55,23.48,26.64,-14.31,9.83,9.86,6.95,7.56,8.66,17.14,8.22,10.63,-1.51,26.04,20.42,5.31,5.28,-16.39,20.25,11.00,-1.65,5.03,2.48,0.49,20.43
17.64,26.89,5.61,8.35,6.55,23.48,26.64,-14.31,9.83,9.86,6.95,7.56,8.66,17.14,8.22,10.63,-1.51,26.04,20.42,5.31,5.28,-16.39,20.25,11.00,-1.65,5.03,2.48,0.49,20.43
19.89,27.83,0.03,4.65,2.93,22.97,26.42,-18.01,11.54,5.20,2.63,2.77,1.07,16.18,4.97,14.04,-5.25,27.15,20.05,1.27,1.04,-21.54,22.78,6.53,-5.72,0.68,-1.24,-1.19,22.36
19.89,27.83,0.03,4.65,2.93,22.97,26.42,-18.01,11.54,5.20,2.63,2.77,1.07,16.18,4.97,14.04,-5.25,27.15,20.05,1.27,1.04,-21.54,22.78,6.53,-5.72,0.68,-1.24,-1.19,22.36
19.89,27.83,0.03,4.65,2.93,22.97,26.42,-18.01,11.54,5.20,2.63,2.77,1.07,16.18,4.97,14.04,-5.25,27.15,20.05,1.27,1.04,-21.54,22.78,6.53,-5.72,0.68,-1.24,-1.19,22.36
19.89,27.83,0.03,4.65,2.93,22.97,26.42,-18.01,11.54,5.20,2.63,2.77,1.07,16.18,4.97,14.04,-5.25,27.15,20.05,1.27,1.04,-21.54,22.78,6.53,-5.72,0.68,-1.24,-1.19,22.36
21.26,27.84,-0.85,3.56,1.51,22.69,26.64,-22.46,13.07,4.37,2.02,1.70,0.41,15.38,3.83,15.83,-7.24,28.06,19.93,1.15,0.36,-23.86,24.24,5.94,-7.63,-0.77,-1.33,-4.19,23.68
21.26,27.84,-0.85,3.56,1.51,22.69,26.64,-22.46,13.07,4.37,2.02,1.70,0.41,15.38,3.83,15.83,-7.24,28.06,19.93,1.15,0.36,-23.86,24.24,5.94,-7.63,-0.77,-1.33,-4.19,23.68
21.26,27.84,-0.85,3.56,1.51,22.69,26.64,-22.46,13.07,4.37,2.02,1.70,0.41,15.38,3.83,15.83,-7.24,28.06,19.93,1.15,0.36,-23.86,24.24,5.94,-7.63,-0.77,-1.33,-4.19,23.68
21.26,27.84,-0.85,3.56,1.51,22.69,26.64,-22.46,13.07,4.37,2.02,1.70,0.41,15.38,3.83,15.83,-7.24,28.06,19.93,1.15,0.36,-23.86,24.24,5.94,-7.63,-0.77,-1.33,-4.19,23.68
20.17,28.89,-1.26,3.11,2.10,22.30,26.33,-24.54,12.43,3.64,1.23,1.90,0.98,16.99,3.27,14.77,-5.59,27.28,20.49,0.84,0.40,-19.89,22.97,6.33,-5.59,-1.63,-0.84,-3.49,23.75
20.17,28.89,-1.26,3.11,2.10,22.30,26.33,-24.54,12.43,3.64,1.23,1.90,0.98,16.99,3.27,14.77,-5.59,27.28,20.49,0.84,0.40,-19.89,22.97,6.33,-5.59,-1.63,-0.84,-3.49,23.75
20.17,28.89,-1.26,3.11,2.10,22.30,26.33,-24.54,12.43,3.64,1.23,1.90,0.98,16.99,3.27,14.77,-5.59,27.28,20.49,0.84,0.40,-19.89,22.97,6.33,-5.59,-1.63,-0.84,-3.49,23.75
20.17,28.89,-1.26,3.11,2.10,22.30,26.33,-24.54,12.43,3.64,1.23,1.90,0.98,16.99,3.27,14.77,-5.59,27.28,20.49,0.84,0.40,-19.89,22.97,6.33,-5.59,-1.63,-0.84,-3.49,23.75
18.94,26.11,3.04,6.55,5.69,22.75,26.04,-17.64,12.19,7.88,5.66,6.86,4.86,18.80,6.41,14.02,-1.74,26.38,20.32,5.38,4.96,-13.09,22.48,9.62,-1.04,3.11,4.37,2.29,22.37
18.94,26.11,3.04,6.55,5.69,22.75,26.04,-17.64,12.19,7.88,5.66,6.86,4.86,18.80,6.41,14.02,-1.74,26.38,20.32,5.38,4.96,-13.09,22.48,9.62,-1.04,3.11,4.37,2.29,22.37
18.94,26.11,3.04,6.55,5.69,22.75,26.04,-17.64,12.19,7.88,5.66,6.86,4.86,18.80,6.41,14.02,-1.74,26.38,20.32,5.38,4.96,-13.09,22.48,9.62,-1.04,3.11,4.37,2.29,22.37
18.94,26.11,3.04,6.55,5.69,22.75,26.04,-17.64,12.19,7.88,5.66,6.86,4.86,18.80,6.41,14.02,-1.74,26.38,20.32,5.38,4.96,-13.09,22.48,9.62,-1.04,3.11,4.37,2.29,22.37
18.94,26.11,3.04,6.55,5.69,22.75,26.04,-17.64,12.19,7.88,5.66,6.86,4.86,18.80,6.41,14.02,-1.74,26.38,20.32,5.38,4.96,-13.09,22.48,9.62,-1.04,3.11,4.37,2.29,22.37
15.97,21.20,6.80,9.73,10.10,22.21,26.01,-9.14,9.88,11.39,8.95,11.15,10.32,22.15,8.93,11.29,0.64,24.32,20.16,8.12,9.43,-4.58,18.31,12.66,2.08,6.51,9.27,7.63,19.69
15.97,21.20,6.80,9.73,10.10,22.21,26.01,-9.14,9.88,11.39,8.95,11.15,10.32,22.15,8.93,11.29,0.64,24.32,20.16,8.12,9.43,-4.58,18.31,12.66,2.08,6.51,9.27,7.63,19.69
15.97,21.20,6.80,9.73,10.10,22.21,26.01,-9.14,9.88,11.39,8.95,11.15,10.32,22.15,8.93,11.29,0.64,24.32,20.16,8.12,9.43,-4.58,18.31,12.66,2.08,6.51,9.27,7.63,19.69
15.97,21.20,6.80,9.73,10.10,22.21,26.01,-9.14,9.88,11.39,8.95,11.15,10.32,22.15,8.93,11.29,0.64,24.32,20.16,8.12,9.43,-4.58,18.31,12.66,2.08,6.51,9.27,7.63,19.69
12.18,17.67,11.36,12.86,16.90,19.02,25.13,0.76,7.29,14.24,12.67,16.18,15.82,23.56,12.25,7.90,4.62,20.70,20.24,12.80,15.63,4.72,16.53,16.79,6.10,10.39,15.84,13.56,16.51
12.18,17.67,11.36,12.86,16.90,19.02,25.13,0.76,7.29,14.24,12.67,16.18,15.82,23.56,12.25,7.90,4.62,20.70,20.24,12.80,15.63,4.72,16.53,16.79,6.10,10.39,15.84,13.56,16.51
12.18,17.67,11.36,12.86,16.90,19.02,25.13,0.76,7.29,14.24,12.67,16.18,15.82,23.56,12.25,7.90,4.62,20.70,20.24,12.80,15.63,4.72,16.53,16.79,6.10,10.39,15.84,13.56,16.51
12.18,17.67,11.36,12.86,16.90,19.02,25.13,0.76,7.29,14.24,12.67,16.18,15.82,23.56,12.25,7.90,4.62,20.70,20.24,12.80,15.63,4.72,16.53,16.79,6.10,10.39,15.84,13.56,16.51
12.18,17.67,11.36,12.86,16.90,19.02,25.13,0.76,7.29,14.24,12.67,16.18,15.82,23.56,12.25,7.90,4.62,20.70,20.24,12.80,15.63,4.72,16.53,16.79,6.10,10.39,15.84,13.56,16.51
9.44,16.10,15.34,16.38,19.74,18.59,24.65,8.20,5.51,18.66,16.13,20.16,18.04,25.48,15.41,5.73,8.17,19.96,19.91,16.49,19.21,12.97,11.87,20.99,10.12,14.62,20.10,18.90,13.24
9.44,16.10,15.34,16.38,19.74,18.59,24.65,8.20,5.51,18.66,16.13,20.16,18.04,25.48,15.41,5.73,8.17,19.96,19.91,16.49,19.21,12.97,11.87,20.99,10.12,14.62,20.10,18.90,13.24
9.44,16.10,15.34,16.38,19.74,18.59,24.65,8.20,5.51,18.66,16.13,20.16,18.04,25.48,15.41,5.73,8.17,19.96,19.91,16.49,19.21,12.97,11.87,20.99,10.12,14.62,20.10,18.90,13.24
9.44,16.10,15.34,16.38,19.74,18.59,24.65,8.20,5.51,18.66,16.13,20.16,18.04,25.48,15.41,5.73,8.17,19.96,19.91,16.49,19.21,12.97,11.87,20.99,10.12,14.62,20.10,18.90,13.24
8.30,14.40,19.31,19.39,23.34,18.59,24.68,12.02,4.68,21.42,19.73,23.36,22.36,25.73,18.46,4.19,11.05,18.93,19.19,19.49,22.18,15.16,12.07,24.57,12.71,18.67,21.79,20.54,12.71
8.30,14.40,19.31,19.39,23.34,18.59,24.68,12.02,4.68,21.42,19.73,23.36,22.36,25.73,18.46,4.19,11.05,18.93,19.19,19.49,22.18,15.16,12.07,24.57,12.71,18.67,21.79,20.54,12.71
8.30,14.40,19.31,19.39,23.34,18.59,24.68,12.02,4.68,21.42,19.73,23.36,22.36,25.73,18.46,4.19,11.05,18.93,19.19,19.49,22.18,15.16,12.07,24.57,12.71,18.67,21.79,20.54,12.71
8.30,14.40,19.31,19.39,23.34,18.59,24.68,12.02,4.68,21.42,19.73,23.36,22.36,25.73,18.46,4.19,11.05,18.93,19.19,19.49,22.18,15.16,12.07,24.57,12.71,18.67,21.79,20.54,12.71
10.81,16.37,18.79,19.52,22.14,20.14,25.78,10.54,5.53,20.25,20.19,23.38,23.21,26.30,18.91,5.45,12.65,21.39,19.93,20.74,22.18,12.55,12.98,23.25,14.01,16.87,22.26,19.39,16.22
10.81,16.37,18.79,19.52,22.14,20.14,25.78,10.54,5.53,20.25,20.19,23.38,23.21,26.30,18.91,5.45,12.65,21.39,19.93,20.74,22.18,12.55,12.98,23.25,14.01,16.87,22.26,19.39,16.22
